,Unnamed: 0,index,county,todays_date,hospitalized_covid_confirmed_patients,hospitalized_suspected_covid_patients,hospitalized_covid_patients,all_hospital_beds,icu_covid_confirmed_patients,icu_suspected_covid_patients,icu_available_beds,beds,Predictions
0,0,4,San Francisco,2020-04-21,76.0,45.0,121.0,738.0,25.0,9.0,79.0,2525.0,2543.719674506119
1,1,53,San Francisco,2020-04-22,75.0,17.0,92.0,738.0,28.0,3.0,74.0,554.0,538.2573130935627
2,2,96,San Francisco,2020-04-23,75.0,29.0,104.0,1173.0,31.0,6.0,70.0,552.0,506.43759101949945
3,3,163,San Francisco,2020-04-24,75.0,19.0,94.0,1173.0,30.0,5.0,108.0,2487.0,2481.793269059608
4,4,192,San Francisco,2020-04-25,73.0,18.0,91.0,1412.0,29.0,3.0,132.0,579.0,511.3218481649337
5,5,256,San Francisco,2020-04-26,79.0,21.0,100.0,1412.0,31.0,3.0,126.0,725.0,753.2464689536965
6,6,302,San Francisco,2020-04-27,82.0,19.0,101.0,1412.0,29.0,3.0,149.0,2150.0,2053.263284515365
7,7,364,San Francisco,2020-04-28,81.0,23.0,104.0,1412.0,27.0,9.0,132.0,2025.0,1876.8480888236838
8,8,389,San Francisco,2020-04-29,80.0,24.0,104.0,1862.0,26.0,6.0,107.0,1628.0,1739.2605769908432
9,9,451,San Francisco,2020-04-30,85.0,11.0,96.0,1887.0,32.0,1.0,100.0,1442.0,1435.9291649537897
10,10,531,San Francisco,2020-05-02,81.0,27.0,108.0,1915.0,29.0,7.0,101.0,2106.0,2061.6433164135588
11,11,578,San Francisco,2020-05-03,83.0,18.0,101.0,1915.0,30.0,4.0,107.0,871.0,958.7815766646213
12,12,674,San Francisco,2020-05-05,79.0,24.0,103.0,2619.0,27.0,6.0,101.0,1864.0,1708.3179827082386
13,13,715,San Francisco,2020-05-06,76.0,12.0,88.0,2619.0,26.0,4.0,113.0,1854.0,1748.5278698650134
14,14,756,San Francisco,2020-05-07,72.0,21.0,93.0,2619.0,30.0,1.0,78.0,2455.0,2393.766747905434
15,15,826,San Francisco,2020-05-08,71.0,32.0,103.0,2619.0,28.0,7.0,92.0,563.0,525.2693833915234
16,16,866,San Francisco,2020-05-09,68.0,29.0,97.0,2619.0,28.0,4.0,97.0,673.0,662.9413585756015
17,17,910,San Francisco,2020-05-10,66.0,25.0,91.0,2619.0,25.0,9.0,102.0,707.0,776.5433590230698
18,18,966,San Francisco,2020-05-11,63.0,28.0,91.0,2619.0,23.0,11.0,107.0,571.0,558.8594991717774
19,19,1037,San Francisco,2020-05-12,63.0,27.0,90.0,2619.0,23.0,4.0,100.0,576.0,537.5509083781025
20,20,1092,San Francisco,2020-05-13,57.0,32.0,89.0,2619.0,24.0,7.0,108.0,2532.0,2383.23002557702
21,21,1103,San Francisco,2020-05-14,56.0,38.0,94.0,2619.0,20.0,10.0,111.0,688.0,680.1640052258435
22,22,1170,San Francisco,2020-05-15,56.0,33.0,89.0,2619.0,19.0,4.0,85.0,2446.0,2504.474982087317
23,23,1234,San Francisco,2020-05-16,44.0,30.0,74.0,2619.0,20.0,4.0,106.0,2619.0,2499.0618835664827
24,24,1270,San Francisco,2020-05-17,40.0,31.0,71.0,2619.0,18.0,5.0,101.0,2502.0,2389.924419224035
25,25,1292,San Francisco,2020-05-18,46.0,33.0,79.0,2619.0,22.0,9.0,115.0,690.0,680.0631447901717
26,26,1345,San Francisco,2020-05-19,48.0,26.0,74.0,2619.0,18.0,2.0,114.0,592.0,809.7633272767325
27,27,1416,San Francisco,2020-05-20,47.0,32.0,79.0,2619.0,20.0,7.0,113.0,2530.0,2545.606751634149
28,28,1477,San Francisco,2020-05-21,43.0,37.0,80.0,2619.0,16.0,11.0,103.0,548.0,486.8347624945993
29,29,1513,San Francisco,2020-05-22,43.0,29.0,72.0,2619.0,18.0,11.0,84.0,789.0,880.8729516934061
30,30,1543,San Francisco,2020-05-23,45.0,28.0,73.0,2619.0,18.0,9.0,83.0,2498.0,2446.8966849711796
31,31,1592,San Francisco,2020-05-24,47.0,41.0,88.0,2619.0,20.0,10.0,97.0,710.0,727.2906554625512
32,32,1671,San Francisco,2020-05-25,40.0,41.0,81.0,2619.0,21.0,11.0,100.0,2517.0,2426.0145892378837
33,33,1707,San Francisco,2020-05-26,40.0,47.0,87.0,2619.0,20.0,14.0,95.0,592.0,788.6596422629053
34,34,1752,San Francisco,2020-05-27,40.0,42.0,82.0,2619.0,18.0,9.0,98.0,2363.0,2386.7007607408937
35,35,1823,San Francisco,2020-05-28,49.0,42.0,91.0,2619.0,20.0,9.0,83.0,1473.0,1390.872495481477
36,36,1858,San Francisco,2020-05-29,49.0,16.0,65.0,2619.0,19.0,6.0,88.0,699.0,663.3067325699294
37,37,1897,San Francisco,2020-05-30,47.0,17.0,64.0,2619.0,19.0,6.0,78.0,720.0,696.842981799841
38,38,1960,San Francisco,2020-05-31,50.0,19.0,69.0,2619.0,22.0,4.0,91.0,2494.0,2399.6922521627557
39,39,2018,San Francisco,2020-06-01,45.0,29.0,74.0,2619.0,18.0,2.0,85.0,1058.0,1188.1624175406844
40,40,2054,San Francisco,2020-06-02,43.0,28.0,71.0,2647.0,18.0,8.0,76.0,2444.0,2353.150181619798
41,41,2078,San Francisco,2020-06-03,37.0,34.0,71.0,2647.0,17.0,4.0,80.0,726.0,696.9806917587078
42,42,2163,San Francisco,2020-06-04,41.0,21.0,62.0,2647.0,15.0,4.0,87.0,519.0,491.0307938773119
43,43,2188,San Francisco,2020-06-05,42.0,22.0,64.0,2658.0,14.0,4.0,98.0,2968.0,2870.294242723642
44,44,2230,San Francisco,2020-06-06,41.0,24.0,65.0,2658.0,15.0,4.0,98.0,2480.0,2482.7708116814374
45,45,2295,San Francisco,2020-06-07,34.0,14.0,48.0,2337.0,13.0,1.0,88.0,720.0,653.294183587984
46,46,2338,San Francisco,2020-06-08,32.0,11.0,43.0,2647.0,13.0,2.0,106.0,2115.0,2052.242259849252
47,47,2502,San Francisco,2020-06-11,38.0,13.0,51.0,2647.0,14.0,1.0,86.0,858.0,903.2554995974381
48,48,2552,San Francisco,2020-06-12,41.0,11.0,52.0,2647.0,15.0,1.0,91.0,1881.0,1842.5365333650664
49,49,2655,San Francisco,2020-06-14,40.0,9.0,49.0,2647.0,13.0,2.0,96.0,871.0,837.7177382644775
50,50,2759,San Francisco,2020-06-17,35.0,9.0,44.0,2647.0,8.0,3.0,86.0,2549.0,2434.2825052117187
51,51,2852,San Francisco,2020-06-18,33.0,12.0,45.0,2647.0,8.0,2.0,155.0,662.0,680.3224348650582
52,52,2881,San Francisco,2020-06-19,30.0,9.0,39.0,2647.0,8.0,4.0,151.0,1482.0,1495.9165566082156
53,53,2940,San Francisco,2020-06-20,32.0,24.0,56.0,2647.0,10.0,5.0,140.0,2005.0,1866.5313900742995
54,54,2992,San Francisco,2020-06-21,37.0,7.0,44.0,2647.0,12.0,1.0,149.0,555.0,507.67731645931417
55,55,3031,San Francisco,2020-06-22,40.0,7.0,47.0,2337.0,12.0,2.0,140.0,2517.0,2494.6001399871475
56,56,3097,San Francisco,2020-06-23,45.0,8.0,53.0,2647.0,16.0,2.0,145.0,727.0,840.5370359669084
57,57,3104,San Francisco,2020-06-24,46.0,9.0,55.0,2647.0,17.0,3.0,105.0,707.0,762.7322222201552
58,58,3153,San Francisco,2020-06-25,44.0,10.0,54.0,2647.0,13.0,4.0,104.0,1628.0,2006.0411583293271
59,59,3208,San Francisco,2020-06-26,54.0,14.0,68.0,2647.0,18.0,4.0,89.0,2527.0,2482.044629628534
60,60,3295,San Francisco,2020-06-27,56.0,16.0,72.0,2647.0,21.0,4.0,103.0,2340.0,2438.601855049962
61,61,3336,San Francisco,2020-06-28,59.0,10.0,69.0,2647.0,22.0,3.0,103.0,1579.0,2078.6076494258677
62,62,3363,San Francisco,2020-06-29,63.0,16.0,79.0,2647.0,22.0,4.0,120.0,1435.0,1395.4818054643385
63,63,3439,San Francisco,2020-06-30,68.0,12.0,80.0,2647.0,28.0,5.0,113.0,593.0,569.2544120346926
64,64,3452,San Francisco,2020-07-01,71.0,14.0,85.0,2647.0,31.0,2.0,110.0,661.0,717.5761434016578
65,65,3531,San Francisco,2020-07-02,66.0,16.0,82.0,2647.0,30.0,1.0,102.0,1475.0,1273.8104184617832
66,66,3547,San Francisco,2020-07-03,70.0,15.0,85.0,2647.0,27.0,2.0,107.0,2562.0,2521.516493519325
67,67,3638,San Francisco,2020-07-04,68.0,14.0,82.0,2647.0,26.0,1.0,102.0,588.0,559.7701785315537
68,68,3670,San Francisco,2020-07-05,73.0,11.0,84.0,2647.0,25.0,1.0,122.0,871.0,943.5238722154816
69,69,3726,San Francisco,2020-07-06,68.0,12.0,80.0,2647.0,27.0,1.0,120.0,693.0,725.351158549056
70,70,3760,San Francisco,2020-07-07,72.0,16.0,88.0,2647.0,25.0,1.0,107.0,2473.0,2479.614476398049
71,71,3816,San Francisco,2020-07-08,73.0,15.0,88.0,2647.0,25.0,3.0,110.0,582.0,579.4307853604112
72,72,3884,San Francisco,2020-07-09,76.0,18.0,94.0,2647.0,28.0,1.0,109.0,2647.0,2545.1397458040074
73,73,3890,San Francisco,2020-07-10,76.0,21.0,97.0,2647.0,33.0,1.0,104.0,577.0,542.6231041074986
74,74,3963,San Francisco,2020-07-11,79.0,18.0,97.0,2647.0,34.0,1.0,112.0,557.0,580.4998459978215
75,75,4002,San Francisco,2020-07-12,80.0,14.0,94.0,2647.0,34.0,2.0,122.0,2159.0,2146.7754590346585
76,76,4076,San Francisco,2020-07-13,89.0,20.0,109.0,2647.0,32.0,1.0,126.0,1485.0,1805.607775963094
77,77,4263,San Francisco,2020-07-17,89.0,16.0,105.0,2647.0,26.0,1.0,112.0,529.0,490.0266937971064
78,78,4292,San Francisco,2020-07-18,91.0,16.0,107.0,2647.0,29.0,2.0,107.0,1579.0,1892.6433459475256
79,79,4363,San Francisco,2020-07-19,96.0,13.0,109.0,2647.0,31.0,2.0,113.0,723.0,660.2881488014299
80,80,4391,San Francisco,2020-07-20,95.0,10.0,105.0,2647.0,28.0,1.0,120.0,871.0,815.4029912141984
81,81,4440,San Francisco,2020-07-21,96.0,25.0,121.0,2505.0,28.0,1.0,115.0,1425.0,1355.2695517220527
82,82,4481,San Francisco,2020-07-22,96.0,17.0,113.0,2071.0,30.0,1.0,56.0,359.0,425.7078669230409
83,83,4590,San Francisco,2020-07-24,95.0,15.0,110.0,2077.0,26.0,3.0,77.0,593.0,603.1554533235169
84,84,4679,San Francisco,2020-07-25,93.0,25.0,118.0,1987.0,26.0,5.0,79.0,669.0,649.4249803791898
85,85,4700,San Francisco,2020-07-26,99.0,18.0,117.0,2000.0,30.0,6.0,89.0,707.0,790.9686632030204
86,86,4800,San Francisco,2020-07-27,101.0,17.0,118.0,1989.0,34.0,1.0,95.0,609.0,619.4854272678341
87,87,4847,San Francisco,2020-07-28,107.0,16.0,123.0,1921.0,37.0,2.0,27.0,2415.0,2381.9397142617954
88,88,4866,San Francisco,2020-07-29,109.0,14.0,123.0,1991.0,39.0,2.0,44.0,2506.0,2348.278797526368
89,89,4934,San Francisco,2020-07-30,101.0,18.0,119.0,2025.0,38.0,1.0,53.0,2501.0,2470.3159083473165
90,90,5000,San Francisco,2020-07-31,102.0,19.0,121.0,2002.0,36.0,1.0,51.0,563.0,506.2300952075623
91,91,5068,San Francisco,2020-08-01,105.0,14.0,119.0,2005.0,39.0,1.0,52.0,2449.0,2403.3538158567303
92,92,5101,San Francisco,2020-08-02,98.0,11.0,109.0,1992.0,35.0,3.0,51.0,705.0,758.225472083536
93,93,5146,San Francisco,2020-08-03,89.0,15.0,104.0,1709.0,34.0,2.0,123.0,1856.0,1769.2281720997923
94,94,5207,San Francisco,2020-08-04,92.0,12.0,104.0,1772.0,33.0,1.0,69.0,2521.0,2473.2508746642693
95,95,5320,San Francisco,2020-08-06,85.0,9.0,94.0,1820.0,31.0,1.0,60.0,589.0,597.438575540264
96,96,5465,San Francisco,2020-08-08,77.0,11.0,88.0,1800.0,29.0,2.0,63.0,2491.0,2553.3829726316835
97,97,5523,San Francisco,2020-08-09,82.0,16.0,98.0,1740.0,31.0,2.0,70.0,1579.0,1963.6003933961526
98,98,5552,San Francisco,2020-08-10,84.0,12.0,96.0,1747.0,28.0,4.0,76.0,1628.0,1633.635677859833
99,99,5620,San Francisco,2020-08-11,88.0,14.0,102.0,1745.0,31.0,6.0,63.0,2445.0,2275.7134897587557
100,100,5660,San Francisco,2020-08-12,92.0,21.0,113.0,1804.0,31.0,4.0,53.0,601.0,607.1160716516472
101,101,5759,San Francisco,2020-08-13,97.0,13.0,110.0,1777.0,33.0,1.0,59.0,2337.0,2510.3341126994565
102,102,5798,San Francisco,2020-08-14,94.0,13.0,107.0,1820.0,34.0,1.0,62.0,1745.0,1697.225192672724
103,103,5850,San Francisco,2020-08-15,94.0,24.0,118.0,1782.0,40.0,5.0,51.0,2647.0,2616.1314485931753
104,104,5885,San Francisco,2020-08-16,85.0,23.0,108.0,1740.0,34.0,4.0,62.0,586.0,609.52036062165
105,105,5984,San Francisco,2020-08-17,83.0,26.0,109.0,1740.0,35.0,4.0,71.0,573.0,604.0358960587923
106,106,5997,San Francisco,2020-08-18,96.0,36.0,132.0,1766.0,37.0,5.0,51.0,563.0,500.7379124490999
107,107,6089,San Francisco,2020-08-19,95.0,38.0,133.0,1864.0,39.0,6.0,47.0,581.0,602.4309223072858
108,108,6130,San Francisco,2020-08-20,106.0,19.0,125.0,1867.0,41.0,3.0,53.0,707.0,805.8189710486805
109,109,6200,San Francisco,2020-08-21,98.0,20.0,118.0,1856.0,34.0,3.0,59.0,2494.0,2352.2914021439046
110,110,6221,San Francisco,2020-08-22,90.0,19.0,109.0,1837.0,34.0,2.0,58.0,2154.0,2007.6704747756194
111,111,6299,San Francisco,2020-08-23,92.0,17.0,109.0,1823.0,37.0,4.0,69.0,2476.0,2459.7986039629886
112,112,6329,San Francisco,2020-08-24,95.0,22.0,117.0,1806.0,35.0,3.0,75.0,871.0,848.8949100339513
113,113,6420,San Francisco,2020-08-25,89.0,19.0,108.0,1837.0,34.0,5.0,72.0,714.0,720.1116593053291
114,114,6463,San Francisco,2020-08-26,87.0,12.0,99.0,1868.0,37.0,7.0,54.0,2131.0,2167.9805768805954
115,115,6526,San Francisco,2020-08-27,79.0,12.0,91.0,1848.0,36.0,5.0,53.0,2439.0,2367.467758708698
116,116,6595,San Francisco,2020-08-28,74.0,18.0,92.0,1868.0,27.0,4.0,58.0,1748.0,2314.4800012863507
117,117,6622,San Francisco,2020-08-29,74.0,11.0,85.0,1839.0,26.0,3.0,52.0,2508.0,2336.062911079827
118,118,6703,San Francisco,2020-08-30,70.0,10.0,80.0,1788.0,28.0,3.0,77.0,2968.0,2925.831483899381
119,119,6760,San Francisco,2020-08-31,74.0,12.0,86.0,1809.0,26.0,3.0,79.0,2515.0,2483.771621483612
120,120,6800,San Francisco,2020-09-01,77.0,16.0,93.0,1873.0,24.0,3.0,68.0,565.0,574.5666183296603
121,121,6837,San Francisco,2020-09-02,70.0,12.0,82.0,1854.0,21.0,4.0,61.0,1769.0,2147.4513222416635
122,122,6924,San Francisco,2020-09-03,63.0,11.0,74.0,1848.0,21.0,4.0,58.0,686.0,712.7675126415938
123,123,7098,San Francisco,2020-09-06,57.0,17.0,74.0,1772.0,24.0,2.0,69.0,2354.0,2414.0308153099027
124,124,7117,San Francisco,2020-09-07,63.0,15.0,78.0,1742.0,26.0,1.0,63.0,1127.0,1441.086448839374
125,125,7188,San Francisco,2020-09-08,64.0,18.0,82.0,1781.0,25.0,4.0,73.0,2968.0,2948.1201528951424
126,126,7228,San Francisco,2020-09-09,66.0,18.0,84.0,1825.0,25.0,4.0,58.0,1386.0,1352.7441002564115
127,127,7286,San Francisco,2020-09-10,67.0,22.0,89.0,1839.0,24.0,8.0,58.0,2968.0,2850.056181801439
128,128,7330,San Francisco,2020-09-11,74.0,18.0,92.0,1831.0,22.0,4.0,67.0,2446.0,2412.701326074117
129,129,7391,San Francisco,2020-09-12,72.0,15.0,87.0,1820.0,20.0,6.0,68.0,1628.0,1706.5220146353545
130,130,7446,San Francisco,2020-09-13,76.0,18.0,94.0,1816.0,21.0,5.0,79.0,2506.0,2347.2761292252735
131,131,7509,San Francisco,2020-09-14,78.0,12.0,90.0,1817.0,21.0,5.0,86.0,1463.0,1366.5179168380541
132,132,7565,San Francisco,2020-09-15,68.0,13.0,81.0,1880.0,22.0,3.0,80.0,2488.0,2438.5612694689053
133,133,7650,San Francisco,2020-09-16,64.0,14.0,78.0,1881.0,20.0,8.0,68.0,707.0,757.1290586568911
134,134,7708,San Francisco,2020-09-17,67.0,19.0,86.0,1806.0,23.0,7.0,61.0,351.0,452.50464497362395
135,135,7775,San Francisco,2020-09-18,64.0,12.0,76.0,1872.0,20.0,4.0,62.0,2968.0,2934.7560661055068
136,136,7812,San Francisco,2020-09-19,58.0,9.0,67.0,1874.0,18.0,2.0,61.0,2459.0,2495.929477234434
137,137,7882,San Francisco,2020-09-20,65.0,8.0,73.0,1859.0,21.0,2.0,62.0,2513.0,2400.1293458732307
138,138,7993,San Francisco,2020-09-22,72.0,8.0,80.0,1857.0,19.0,3.0,68.0,2457.0,2399.290574303982
139,139,8026,San Francisco,2020-09-23,65.0,9.0,74.0,1891.0,18.0,5.0,64.0,672.0,613.6568207133844
140,140,8077,San Francisco,2020-09-24,60.0,9.0,69.0,1898.0,16.0,5.0,49.0,573.0,553.8556563580202
141,141,8114,San Francisco,2020-09-25,61.0,11.0,72.0,1870.0,20.0,5.0,56.0,1939.0,1965.186785902631
142,142,8188,San Francisco,2020-09-26,56.0,8.0,64.0,1859.0,18.0,3.0,63.0,586.0,581.1340402896319
143,143,8295,San Francisco,2020-09-28,60.0,5.0,65.0,1828.0,17.0,1.0,88.0,583.0,509.1055297380358
144,144,8378,San Francisco,2020-09-29,61.0,5.0,66.0,1866.0,16.0,1.0,73.0,2143.0,2047.3569285689193
145,145,8441,San Francisco,2020-09-30,64.0,10.0,74.0,1881.0,15.0,2.0,75.0,1839.0,1705.7130630986255
146,146,8490,San Francisco,2020-10-01,59.0,9.0,68.0,1864.0,14.0,2.0,76.0,2556.0,2564.7644290505314
147,147,8548,San Francisco,2020-10-02,55.0,10.0,65.0,1846.0,16.0,5.0,71.0,1485.0,1785.9986581141561
148,148,8587,San Francisco,2020-10-03,50.0,7.0,57.0,1840.0,17.0,1.0,88.0,2142.0,2363.1120082209877
149,149,8662,San Francisco,2020-10-04,52.0,9.0,61.0,1787.0,16.0,1.0,92.0,1096.0,1057.527711577611
150,150,8743,San Francisco,2020-10-06,47.0,7.0,54.0,1865.0,14.0,1.0,74.0,707.0,803.1785111798324
151,151,8826,San Francisco,2020-10-07,44.0,11.0,55.0,1900.0,16.0,1.0,70.0,1452.0,1471.1097068622726
152,152,8887,San Francisco,2020-10-08,39.0,5.0,44.0,1885.0,17.0,1.0,72.0,1479.0,1385.5265087166306
153,153,8915,San Francisco,2020-10-09,33.0,8.0,41.0,1907.0,14.0,2.0,72.0,565.0,604.250803242352
154,154,8964,San Francisco,2020-10-10,33.0,4.0,37.0,1882.0,12.0,1.0,68.0,2494.0,2362.6048495284604
155,155,9027,San Francisco,2020-10-11,27.0,3.0,30.0,1801.0,11.0,1.0,83.0,2153.0,2241.6454828852866
156,156,9116,San Francisco,2020-10-12,28.0,2.0,30.0,1821.0,11.0,2.0,90.0,491.0,531.0703996235527
157,157,9138,San Francisco,2020-10-13,27.0,4.0,31.0,1874.0,8.0,1.0,73.0,2136.0,2146.756997407977
158,158,9225,San Francisco,2020-10-14,26.0,6.0,32.0,1907.0,7.0,1.0,71.0,738.0,997.6785149552172
159,159,9278,San Francisco,2020-10-15,21.0,8.0,29.0,1907.0,7.0,2.0,65.0,601.0,643.1205289528907
160,160,9371,San Francisco,2020-10-17,23.0,3.0,26.0,1854.0,8.0,1.0,65.0,2478.0,2447.7744851794323
161,161,9409,San Francisco,2020-10-18,25.0,3.0,28.0,1794.0,8.0,2.0,80.0,1089.0,1188.158566717194
162,162,9513,San Francisco,2020-10-19,25.0,5.0,30.0,1758.0,8.0,2.0,78.0,2532.0,2474.8676377678207
163,163,9559,San Francisco,2020-10-20,21.0,4.0,25.0,1865.0,6.0,1.0,71.0,1054.0,1136.8098555845877
164,164,9580,San Francisco,2020-10-21,23.0,10.0,33.0,1894.0,7.0,5.0,59.0,557.0,499.65403603290224
165,165,9647,San Francisco,2020-10-22,23.0,3.0,26.0,1876.0,7.0,3.0,59.0,567.0,535.7899178413236
166,166,9714,San Francisco,2020-10-23,24.0,4.0,28.0,1893.0,7.0,3.0,53.0,2647.0,2588.3901970458373
167,167,9746,San Francisco,2020-10-24,23.0,5.0,28.0,1887.0,6.0,1.0,61.0,730.0,720.221123852802
168,168,10039,San Francisco,2020-10-29,37.0,2.0,39.0,1874.0,8.0,1.0,71.0,549.0,517.3918838776694
169,169,10110,San Francisco,2020-10-30,35.0,5.0,40.0,1861.0,6.0,1.0,77.0,871.0,940.6862907948511
170,170,10257,San Francisco,2020-11-02,36.0,2.0,38.0,1792.0,11.0,1.0,84.0,1485.0,1901.281284769837
171,171,10308,San Francisco,2020-11-03,35.0,5.0,40.0,1889.0,11.0,1.0,65.0,711.0,720.2895375983794
172,172,10380,San Francisco,2020-11-04,34.0,4.0,38.0,1891.0,12.0,1.0,57.0,1526.0,1425.1447303226976
173,173,10442,San Francisco,2020-11-05,33.0,3.0,36.0,1911.0,10.0,1.0,61.0,1837.0,1815.4165592482248
174,174,10470,San Francisco,2020-11-06,38.0,4.0,42.0,1937.0,11.0,1.0,54.0,1579.0,1944.0851096759184
175,175,10524,San Francisco,2020-11-07,36.0,5.0,41.0,1903.0,8.0,2.0,56.0,697.0,743.3623659918237
176,176,10595,San Francisco,2020-11-08,40.0,2.0,42.0,1855.0,10.0,1.0,65.0,559.0,571.1202725174184
177,177,10653,San Francisco,2020-11-09,36.0,3.0,39.0,1856.0,11.0,1.0,68.0,616.0,667.2114427836548
178,178,10716,San Francisco,2020-11-10,35.0,4.0,39.0,1876.0,8.0,1.0,69.0,2473.0,2372.7487055931188
179,179,10854,San Francisco,2020-11-12,38.0,8.0,46.0,1851.0,10.0,1.0,62.0,2480.0,2383.181515703901
180,180,10922,San Francisco,2020-11-14,38.0,2.0,40.0,1890.0,10.0,1.0,68.0,633.0,692.3148122299639
181,181,10986,San Francisco,2020-11-15,39.0,3.0,42.0,1841.0,9.0,1.0,70.0,2143.0,2103.6725154682945
182,182,11072,San Francisco,2020-11-16,38.0,6.0,44.0,1835.0,8.0,2.0,86.0,2619.0,2506.1346489384805
183,183,11117,San Francisco,2020-11-17,37.0,11.0,48.0,1898.0,11.0,3.0,63.0,533.0,494.22194020881534
184,184,11188,San Francisco,2020-11-18,39.0,8.0,47.0,1933.0,10.0,2.0,52.0,2493.0,2420.5863159649393
185,185,11213,San Francisco,2020-11-19,42.0,4.0,46.0,1942.0,11.0,4.0,53.0,2416.0,2412.3213906498404
186,186,11255,San Francisco,2020-11-20,49.0,4.0,53.0,1921.0,10.0,3.0,57.0,580.0,548.6194921350148
187,187,11314,San Francisco,2020-11-21,52.0,5.0,57.0,1896.0,13.0,2.0,65.0,2496.0,2369.7525015519936
188,188,11382,San Francisco,2020-11-22,47.0,2.0,49.0,1852.0,14.0,2.0,67.0,2531.0,2606.032386570662
189,189,11571,San Francisco,2020-11-25,64.0,6.0,70.0,1864.0,20.0,2.0,50.0,2142.0,2058.9827031187456
190,190,11685,San Francisco,2020-11-27,72.0,4.0,76.0,1775.0,25.0,1.0,59.0,506.0,463.18136334404244
191,191,11725,San Francisco,2020-11-28,77.0,3.0,80.0,1762.0,24.0,1.0,65.0,1855.0,1765.0148941297505
192,192,12007,San Francisco,2020-12-03,93.0,5.0,98.0,1902.0,34.0,1.0,53.0,1628.0,1795.3734276445125
193,193,12065,San Francisco,2020-12-04,96.0,3.0,99.0,1909.0,33.0,2.0,59.0,625.0,667.5619595475381
194,194,12501,San Francisco,2020-12-12,130.0,4.0,134.0,1916.0,35.0,2.0,44.0,1820.0,1748.468349529473
195,195,12588,San Francisco,2020-12-13,139.0,4.0,143.0,1867.0,36.0,1.0,54.0,2391.0,2390.4295269991503
196,196,12604,San Francisco,2020-12-14,150.0,3.0,153.0,1861.0,39.0,1.0,63.0,1787.0,1871.9082637487468
197,197,12808,San Francisco,2020-12-17,152.0,9.0,161.0,1951.0,39.0,3.0,43.0,599.0,564.1332292062192
198,198,12857,San Francisco,2020-12-18,153.0,9.0,162.0,1922.0,41.0,2.0,43.0,2557.0,2480.427939953826
199,199,12947,San Francisco,2020-12-20,170.0,5.0,175.0,1831.0,42.0,1.0,67.0,707.0,805.0268761509471
200,200,13000,San Francisco,2020-12-21,162.0,9.0,171.0,1909.0,45.0,2.0,63.0,552.0,518.0274264041486
201,201,13106,San Francisco,2020-12-23,164.0,11.0,175.0,1995.0,45.0,1.0,52.0,2968.0,2939.8034530647055
202,202,13263,San Francisco,2020-12-25,164.0,5.0,169.0,1941.0,49.0,1.0,67.0,2416.0,2309.9462393005406
203,203,13403,San Francisco,2020-12-28,186.0,6.0,192.0,1930.0,48.0,3.0,64.0,1478.0,1358.038991036307
204,204,13463,San Francisco,2020-12-29,206.0,6.0,212.0,1984.0,54.0,3.0,60.0,2506.0,2614.4615550190283
205,205,13516,San Francisco,2020-12-30,212.0,3.0,215.0,1967.0,56.0,2.0,59.0,545.0,590.1034655717821
206,206,13594,San Francisco,2020-12-31,207.0,8.0,215.0,1939.0,55.0,2.0,64.0,2456.0,2443.940896368221
207,207,13643,San Francisco,2021-01-01,209.0,5.0,214.0,1949.0,55.0,1.0,58.0,568.0,566.4591494328203
208,208,13712,San Francisco,2021-01-02,214.0,5.0,219.0,1946.0,57.0,1.0,63.0,2502.0,2491.356680870272
209,209,13752,San Francisco,2021-01-03,206.0,5.0,211.0,1921.0,54.0,1.0,64.0,1461.0,1452.0754691172865
210,210,13787,San Francisco,2021-01-04,211.0,5.0,216.0,1965.0,54.0,2.0,64.0,707.0,811.482092191071
211,211,13870,San Francisco,2021-01-05,221.0,8.0,229.0,1964.0,60.0,1.0,53.0,585.0,583.7713155299122
212,212,13884,San Francisco,2021-01-06,233.0,10.0,243.0,2050.0,60.0,1.0,46.0,2461.0,2421.5090365019723
213,213,14187,San Francisco,2021-01-11,252.0,4.0,256.0,2118.0,59.0,1.0,66.0,1058.0,1142.6624382300959
214,214,14218,San Francisco,2021-01-12,259.0,14.0,273.0,2142.0,63.0,5.0,52.0,2968.0,3233.9456070463298
215,215,14314,San Francisco,2021-01-13,257.0,9.0,266.0,2128.0,61.0,3.0,52.0,755.0,844.1500663126105
216,216,14330,San Francisco,2021-01-14,244.0,9.0,253.0,2120.0,63.0,2.0,50.0,2647.0,2698.697488435443
217,217,14411,San Francisco,2021-01-15,240.0,4.0,244.0,2123.0,65.0,2.0,53.0,2512.0,2475.344961543102
218,218,14445,San Francisco,2021-01-16,239.0,7.0,246.0,2131.0,55.0,2.0,57.0,2482.0,2409.5127867119836
219,219,14531,San Francisco,2021-01-17,242.0,5.0,247.0,2127.0,57.0,2.0,67.0,758.0,842.9109530043658
220,220,14804,San Francisco,2021-01-22,200.0,14.0,214.0,2122.0,52.0,30.0,52.0,1628.0,1709.0976081612073
221,221,14892,San Francisco,2021-01-24,192.0,5.0,197.0,2103.0,54.0,1.0,57.0,726.0,798.0001137614095
222,222,15011,San Francisco,2021-01-26,181.0,6.0,187.0,2113.0,54.0,1.0,48.0,2368.0,2429.18394082018
223,223,15403,San Francisco,2021-02-02,176.0,7.0,183.0,2118.0,44.0,1.0,67.0,2968.0,2903.507073742965
224,224,15510,San Francisco,2021-02-04,171.0,5.0,176.0,2145.0,47.0,1.0,65.0,1967.0,1968.7511816051062
225,225,15822,San Francisco,2021-02-09,147.0,2.0,149.0,2136.0,44.0,1.0,70.0,771.0,820.7847874021411
226,226,15888,San Francisco,2021-02-10,132.0,2.0,134.0,2128.0,40.0,1.0,70.0,638.0,593.2020044172787
227,227,15941,San Francisco,2021-02-11,122.0,2.0,124.0,2123.0,33.0,1.0,73.0,806.0,756.4258120354123
228,228,16032,San Francisco,2021-02-13,124.0,5.0,129.0,2125.0,35.0,1.0,71.0,707.0,798.5977180026416
229,229,16178,San Francisco,2021-02-16,118.0,7.0,125.0,2112.0,37.0,1.0,98.0,2513.0,2475.9617333344568
230,230,16264,San Francisco,2021-02-17,108.0,10.0,118.0,2109.0,34.0,2.0,85.0,696.0,725.0587768049968
231,231,16341,San Francisco,2021-02-18,93.0,7.0,100.0,2110.0,31.0,1.0,82.0,707.0,688.6742808682831
232,232,16472,San Francisco,2021-02-21,93.0,5.0,98.0,2088.0,27.0,1.0,86.0,564.0,509.0787000995174
233,233,16639,San Francisco,2021-02-24,91.0,7.0,98.0,2106.0,29.0,1.0,81.0,2453.0,2320.146563245813
234,234,16738,San Francisco,2021-02-26,83.0,5.0,88.0,2116.0,24.0,1.0,66.0,2516.0,2441.4162582602976
235,235,16801,San Francisco,2021-02-27,78.0,8.0,86.0,2114.0,24.0,3.0,75.0,2512.0,2490.889872245835
236,236,16862,San Francisco,2021-02-28,79.0,6.0,85.0,2106.0,28.0,3.0,80.0,2532.0,2509.1754769236795
237,237,17104,San Francisco,2021-03-04,53.0,12.0,65.0,2109.0,17.0,1.0,84.0,607.0,572.9520016395315
238,238,17182,San Francisco,2021-03-05,55.0,12.0,67.0,2106.0,14.0,1.0,79.0,703.0,698.4935786004032
239,239,17202,San Francisco,2021-03-06,51.0,5.0,56.0,2125.0,14.0,1.0,75.0,2454.0,2316.4477001681307
240,240,17384,San Francisco,2021-03-09,46.0,14.0,60.0,2118.0,17.0,2.0,92.0,677.0,768.0409052292365
241,241,17639,San Francisco,2021-03-14,45.0,9.0,54.0,2138.0,16.0,1.0,84.0,1870.0,1723.3369387883727
242,242,17816,San Francisco,2021-03-17,40.0,4.0,44.0,2153.0,14.0,2.0,76.0,708.0,667.3605148740598
243,243,17942,San Francisco,2021-03-19,44.0,4.0,48.0,2156.0,14.0,1.0,86.0,586.0,574.4894146016447
244,244,18011,San Francisco,2021-03-20,43.0,4.0,47.0,2154.0,14.0,1.0,73.0,678.0,679.6462624376434
245,245,18029,San Francisco,2021-03-21,40.0,5.0,45.0,2148.0,11.0,1.0,75.0,1922.0,1785.9351517871048
246,246,18121,San Francisco,2021-03-22,37.0,3.0,40.0,2136.0,8.0,1.0,102.0,2520.0,2550.7264440968793
247,247,18158,San Francisco,2021-03-23,36.0,7.0,43.0,2151.0,7.0,1.0,91.0,2968.0,2890.1097060556344
248,248,18213,San Francisco,2021-03-24,31.0,15.0,46.0,2151.0,8.0,2.0,79.0,871.0,965.3524624496412
249,249,18268,San Francisco,2021-03-25,31.0,9.0,40.0,2143.0,7.0,1.0,81.0,1485.0,1842.0565008470087
250,250,18393,San Francisco,2021-03-27,30.0,9.0,39.0,2157.0,8.0,1.0,80.0,707.0,773.7188595536754
251,251,18466,San Francisco,2021-03-28,31.0,7.0,38.0,2154.0,8.0,1.0,98.0,2619.0,2492.3364026431072
252,252,18492,San Francisco,2021-03-29,29.0,7.0,36.0,2130.0,5.0,1.0,94.0,579.0,530.2229313583875
253,253,18567,San Francisco,2021-03-30,28.0,9.0,37.0,2143.0,5.0,1.0,79.0,2494.0,2458.7479091544183
254,254,18674,San Francisco,2021-04-01,22.0,8.0,30.0,2140.0,5.0,1.0,79.0,1476.0,1383.7704463984403
255,255,18716,San Francisco,2021-04-02,22.0,9.0,31.0,2139.0,4.0,3.0,77.0,730.0,730.9141131684037
256,256,18867,San Francisco,2021-04-05,21.0,6.0,27.0,2132.0,4.0,1.0,105.0,2504.0,2396.0720416883787
257,257,18944,San Francisco,2021-04-06,26.0,2.0,28.0,2150.0,6.0,1.0,97.0,2526.0,2535.4887396174445
258,258,18985,San Francisco,2021-04-07,31.0,5.0,36.0,2150.0,6.0,3.0,84.0,2156.0,2091.064583892573
259,259,19055,San Francisco,2021-04-08,26.0,9.0,35.0,2162.0,5.0,4.0,85.0,2647.0,2578.9502465108926
260,260,19156,San Francisco,2021-04-10,23.0,2.0,25.0,2156.0,4.0,1.0,89.0,2502.0,2444.3810799069242
261,261,19202,San Francisco,2021-04-11,23.0,7.0,30.0,2148.0,5.0,1.0,105.0,1096.0,1032.123747935465
262,262,19258,San Francisco,2021-04-12,24.0,5.0,29.0,2141.0,6.0,2.0,85.0,1510.0,1453.2998081325463
263,263,19342,San Francisco,2021-04-13,24.0,9.0,33.0,2156.0,7.0,3.0,80.0,2968.0,2955.546487761708
264,264,19401,San Francisco,2021-04-14,24.0,5.0,29.0,2156.0,9.0,1.0,74.0,2417.0,2449.3927183925343
265,265,19471,San Francisco,2021-04-15,24.0,8.0,32.0,2148.0,10.0,3.0,87.0,2488.0,2460.3447464607143
266,266,19531,San Francisco,2021-04-16,23.0,5.0,28.0,2154.0,9.0,4.0,77.0,2138.0,1941.9278112375434
267,267,19572,San Francisco,2021-04-17,27.0,6.0,33.0,2022.0,10.0,5.0,60.0,2493.0,2380.3656035191943
268,268,19619,San Francisco,2021-04-18,30.0,5.0,35.0,2139.0,11.0,4.0,83.0,2464.0,2415.118599978955
269,269,19699,San Francisco,2021-04-19,28.0,7.0,35.0,2112.0,11.0,2.0,129.0,574.0,574.1681961763489
270,270,19713,San Francisco,2021-04-20,25.0,3.0,28.0,2127.0,10.0,1.0,90.0,642.0,627.2328994772695
271,271,19863,San Francisco,2021-04-22,27.0,4.0,31.0,2115.0,11.0,1.0,85.0,570.0,551.9187072946786
272,272,19886,San Francisco,2021-04-23,26.0,4.0,30.0,1996.0,8.0,1.0,65.0,548.0,583.4753546803174
273,273,19946,San Francisco,2021-04-24,24.0,5.0,29.0,2116.0,13.0,1.0,89.0,1452.0,1296.8500435239848
274,274,20035,San Francisco,2021-04-25,23.0,8.0,31.0,2122.0,11.0,2.0,103.0,1628.0,1821.6303763424285
275,275,20082,San Francisco,2021-04-26,23.0,8.0,31.0,2116.0,11.0,1.0,100.0,1456.0,1366.5667816361274
276,276,20126,San Francisco,2021-04-27,24.0,5.0,29.0,2128.0,10.0,4.0,90.0,1628.0,1874.712446416675
277,277,20291,San Francisco,2021-04-30,17.0,6.0,23.0,2136.0,7.0,1.0,92.0,1428.0,1398.330836174608
278,278,20468,San Francisco,2021-05-03,15.0,6.0,21.0,2142.0,6.0,3.0,143.0,1052.0,1134.0698925706752
279,279,20529,San Francisco,2021-05-04,15.0,7.0,22.0,2140.0,7.0,2.0,105.0,566.0,550.9298595330458
280,280,20693,San Francisco,2021-05-07,18.0,12.0,30.0,2155.0,6.0,2.0,88.0,2968.0,2954.3902800994874
281,281,20783,San Francisco,2021-05-09,18.0,7.0,25.0,2135.0,6.0,3.0,93.0,1430.0,1390.336396048322
282,282,20866,San Francisco,2021-05-10,20.0,2.0,22.0,2126.0,4.0,1.0,107.0,871.0,945.6152456317141
283,283,20899,San Francisco,2021-05-11,18.0,5.0,23.0,2144.0,4.0,1.0,93.0,707.0,774.0208368433647
284,284,20958,San Francisco,2021-05-12,13.0,9.0,22.0,2157.0,5.0,2.0,82.0,2505.0,2400.681342332635
285,285,21026,San Francisco,2021-05-13,11.0,7.0,18.0,2155.0,3.0,2.0,81.0,701.0,680.6875557115472
286,286,21101,San Francisco,2021-05-14,14.0,6.0,20.0,2148.0,5.0,2.0,79.0,707.0,839.860452254345
287,287,21141,San Francisco,2021-05-15,13.0,3.0,16.0,2139.0,4.0,1.0,84.0,2502.0,2389.3752104481155
288,288,21174,San Francisco,2021-05-16,14.0,7.0,21.0,2130.0,6.0,2.0,92.0,1628.0,1776.4959051673573
289,289,21220,San Francisco,2021-05-17,16.0,4.0,20.0,2137.0,5.0,2.0,99.0,690.0,650.0465180136337
290,290,21293,San Francisco,2021-05-18,18.0,7.0,25.0,2142.0,6.0,2.0,85.0,2446.0,2451.730856237252
291,291,21379,San Francisco,2021-05-19,20.0,8.0,28.0,2143.0,5.0,2.0,85.0,2477.0,2473.870884164718
292,292,21406,San Francisco,2021-05-20,18.0,6.0,24.0,2131.0,4.0,2.0,83.0,1089.0,1148.0369524591156
293,293,21491,San Francisco,2021-05-21,17.0,8.0,25.0,2127.0,4.0,2.0,74.0,588.0,579.1097541325587
294,294,21520,San Francisco,2021-05-22,16.0,6.0,22.0,2125.0,5.0,1.0,83.0,2151.0,2020.706244972095
295,295,21557,San Francisco,2021-05-23,15.0,4.0,19.0,2117.0,6.0,1.0,101.0,704.0,757.1608571460306
296,296,21617,San Francisco,2021-05-24,14.0,6.0,20.0,2117.0,5.0,3.0,106.0,2505.0,2422.2728777980446
297,297,21687,San Francisco,2021-05-25,12.0,9.0,21.0,2138.0,5.0,1.0,91.0,1916.0,1772.7029324916957
298,298,21767,San Francisco,2021-05-26,17.0,6.0,23.0,2136.0,6.0,2.0,90.0,2501.0,2292.119218246796
299,299,21794,San Francisco,2021-05-27,17.0,6.0,23.0,2126.0,4.0,3.0,81.0,1484.0,1365.4510937645653
300,300,21963,San Francisco,2021-05-30,13.0,5.0,18.0,2151.0,5.0,1.0,99.0,583.0,551.2184674026871
301,301,22102,San Francisco,2021-06-01,11.0,7.0,18.0,2145.0,5.0,2.0,111.0,2142.0,2195.4134200451335
302,302,22428,San Francisco,2021-06-07,17.0,4.0,21.0,2152.0,6.0,2.0,102.0,871.0,992.2554999996049
303,303,22478,San Francisco,2021-06-08,15.0,1.0,16.0,2161.0,3.0,1.0,102.0,2419.0,2422.232986901532
304,304,22560,San Francisco,2021-06-09,16.0,5.0,21.0,2170.0,3.0,1.0,95.0,2968.0,3014.269425247303
305,305,22572,San Francisco,2021-06-10,17.0,7.0,24.0,2162.0,3.0,2.0,87.0,1941.0,1961.471635912041
306,306,22642,San Francisco,2021-06-11,18.0,4.0,22.0,2170.0,3.0,2.0,92.0,685.0,715.8413959980529
307,307,22686,San Francisco,2021-06-12,17.0,3.0,20.0,2167.0,4.0,1.0,92.0,2968.0,2968.8193997644585
308,308,22782,San Francisco,2021-06-13,18.0,5.0,23.0,2150.0,4.0,1.0,108.0,692.0,736.9875309265763
309,309,22838,San Francisco,2021-06-14,19.0,3.0,22.0,2135.0,4.0,1.0,106.0,2512.0,2412.252317850422
310,310,23055,San Francisco,2021-06-18,17.0,11.0,28.0,2157.0,4.0,1.0,91.0,2463.0,2431.6052893040014
311,311,23326,San Francisco,2021-06-23,15.0,8.0,23.0,2142.0,4.0,1.0,112.0,597.0,589.4435541838106
312,312,23370,San Francisco,2021-06-24,17.0,6.0,23.0,2152.0,4.0,1.0,111.0,538.0,517.2539103896668
313,313,23498,San Francisco,2021-06-26,16.0,11.0,27.0,2150.0,4.0,1.0,110.0,1864.0,1677.8324727305169
314,314,23646,San Francisco,2021-06-29,16.0,9.0,25.0,2144.0,6.0,3.0,110.0,2530.0,2448.3917668848817
315,315,23704,San Francisco,2021-06-30,13.0,5.0,18.0,2143.0,6.0,1.0,100.0,2130.0,2097.5847490309015
316,316,23775,San Francisco,2021-07-01,11.0,11.0,22.0,2159.0,6.0,1.0,88.0,537.0,600.0031992119814
317,317,23810,San Francisco,2021-07-02,12.0,12.0,24.0,2174.0,7.0,3.0,84.0,2494.0,2569.3128267840366
318,318,23891,San Francisco,2021-07-03,13.0,12.0,25.0,2158.0,6.0,2.0,94.0,700.0,721.049977751066
319,319,23925,San Francisco,2021-07-04,14.0,12.0,26.0,2150.0,6.0,2.0,105.0,2481.0,2435.612231622395
320,320,24017,San Francisco,2021-07-05,15.0,11.0,26.0,2136.0,6.0,1.0,104.0,546.0,497.9971965035277
321,321,24024,San Francisco,2021-07-06,15.0,11.0,26.0,2131.0,7.0,2.0,109.0,2168.0,2052.174715079859
322,322,24177,San Francisco,2021-07-08,19.0,6.0,25.0,2149.0,9.0,1.0,93.0,2388.0,2384.907080138238
323,323,24187,San Francisco,2021-07-09,22.0,7.0,29.0,2159.0,8.0,2.0,92.0,591.0,598.5993827986143
324,324,24267,San Francisco,2021-07-10,20.0,5.0,25.0,2149.0,7.0,1.0,107.0,2520.0,2456.2552053496083
325,325,24350,San Francisco,2021-07-11,20.0,9.0,29.0,2153.0,6.0,2.0,119.0,545.0,521.4460047403804
326,326,24379,San Francisco,2021-07-12,21.0,5.0,26.0,2146.0,6.0,1.0,126.0,1579.0,1992.7586311543737
327,327,24432,San Francisco,2021-07-13,21.0,7.0,28.0,2146.0,10.0,2.0,108.0,679.0,678.7868689443121
328,328,24517,San Francisco,2021-07-14,23.0,5.0,28.0,2050.0,6.0,1.0,77.0,1881.0,1780.3496430848058
329,329,24562,San Francisco,2021-07-15,24.0,9.0,33.0,2051.0,7.0,1.0,75.0,241.0,276.646015685631
330,330,24628,San Francisco,2021-07-16,29.0,6.0,35.0,2168.0,12.0,2.0,79.0,2401.0,2338.862445551755
331,331,24852,San Francisco,2021-07-20,41.0,7.0,48.0,2148.0,15.0,7.0,96.0,871.0,955.8601263136054
332,332,25349,San Francisco,2021-07-29,84.0,6.0,90.0,2159.0,24.0,1.0,86.0,2142.0,2049.068514464994
333,333,25378,San Francisco,2021-07-30,85.0,6.0,91.0,2171.0,23.0,1.0,100.0,871.0,968.7353094568464
334,334,25573,San Francisco,2021-08-02,92.0,15.0,107.0,2128.0,28.0,2.0,95.0,1096.0,1059.0244621510228
335,335,25694,San Francisco,2021-08-04,98.0,8.0,106.0,2172.0,33.0,1.0,93.0,707.0,779.9354017132973
336,336,25749,San Francisco,2021-08-05,99.0,4.0,103.0,2170.0,31.0,1.0,83.0,2491.0,2442.7097169407925
337,337,25913,San Francisco,2021-08-08,103.0,4.0,107.0,2143.0,36.0,1.0,76.0,735.0,761.5848058928464
338,338,25922,San Francisco,2021-08-09,106.0,6.0,112.0,2133.0,36.0,1.0,88.0,2521.0,2541.7231841813114
339,339,26133,San Francisco,2021-08-12,113.0,12.0,125.0,2159.0,40.0,2.0,81.0,871.0,852.5072252266223
340,340,26189,San Francisco,2021-08-13,114.0,9.0,123.0,2153.0,38.0,2.0,83.0,594.0,645.7656604714705
341,341,26313,San Francisco,2021-08-15,120.0,6.0,126.0,2158.0,38.0,1.0,90.0,1880.0,1875.4623017297092
342,342,26367,San Francisco,2021-08-16,128.0,6.0,134.0,2154.0,37.0,1.0,95.0,705.0,681.6752049268645
343,343,26443,San Francisco,2021-08-18,115.0,2.0,117.0,2154.0,39.0,2.0,95.0,2968.0,2805.8052619573864
344,344,26496,San Francisco,2021-08-19,120.0,8.0,128.0,2157.0,43.0,1.0,84.0,1746.0,2156.9391206858436
345,345,26541,San Francisco,2021-08-20,119.0,4.0,123.0,2164.0,42.0,1.0,78.0,559.0,571.4063678449835
346,346,26598,San Francisco,2021-08-21,113.0,6.0,119.0,2164.0,39.0,1.0,84.0,536.0,516.6225412263102
347,347,26757,San Francisco,2021-08-23,114.0,6.0,120.0,2139.0,42.0,1.0,92.0,790.0,912.6854544569213
348,348,26776,San Francisco,2021-08-24,121.0,8.0,129.0,2146.0,40.0,1.0,90.0,694.0,701.0048168352973
349,349,26824,San Francisco,2021-08-25,113.0,6.0,119.0,2160.0,36.0,1.0,76.0,2422.0,2430.481896639636
350,350,26983,San Francisco,2021-08-27,105.0,8.0,113.0,2159.0,35.0,1.0,83.0,1628.0,1753.3950131328952
351,351,27020,San Francisco,2021-08-28,104.0,8.0,112.0,2160.0,38.0,1.0,84.0,618.0,645.840414175345
352,352,27283,San Francisco,2021-09-02,104.0,5.0,109.0,2172.0,34.0,1.0,67.0,1579.0,2057.720084678865
353,353,27529,San Francisco,2021-09-06,92.0,7.0,99.0,2145.0,28.0,1.0,96.0,756.0,852.0127772660692
354,354,27769,San Francisco,2021-09-10,79.0,5.0,84.0,2147.0,21.0,2.0,84.0,1057.0,1123.6390709087482
355,355,27870,San Francisco,2021-09-12,76.0,6.0,82.0,2151.0,20.0,2.0,88.0,1450.0,1388.7747184500827
356,356,28040,San Francisco,2021-09-15,78.0,9.0,87.0,2159.0,19.0,1.0,68.0,707.0,800.0332279148867
357,357,28064,San Francisco,2021-09-16,70.0,12.0,82.0,2154.0,21.0,1.0,67.0,790.0,923.3154763484482
358,358,28245,San Francisco,2021-09-19,72.0,4.0,76.0,2145.0,26.0,1.0,89.0,1628.0,1717.208382919897
359,359,28384,San Francisco,2021-09-21,69.0,6.0,75.0,2139.0,28.0,1.0,71.0,2439.0,2421.5658681404116
360,360,28546,San Francisco,2021-09-24,67.0,8.0,75.0,2170.0,24.0,1.0,80.0,2647.0,2558.555141971722
361,361,28828,San Francisco,2021-09-29,71.0,7.0,78.0,2138.0,26.0,1.0,54.0,2167.0,2111.2472430933267
362,362,28930,San Francisco,2021-10-01,67.0,7.0,74.0,2150.0,26.0,1.0,73.0,789.0,873.7462008962475
363,363,29041,San Francisco,2021-10-03,65.0,3.0,68.0,2165.0,28.0,1.0,91.0,709.0,679.2212473366801
364,364,29270,San Francisco,2021-10-07,55.0,4.0,59.0,2151.0,15.0,1.0,82.0,563.0,503.7337561957115
365,365,29625,San Francisco,2021-10-14,48.0,6.0,54.0,2134.0,15.0,1.0,84.0,2514.0,2538.3824620326195
366,366,29835,San Francisco,2021-10-17,46.0,9.0,55.0,2128.0,14.0,1.0,93.0,359.0,434.42361724809234
367,0,40,San Mateo,2020-04-21,53.0,14.0,67.0,395.0,19.0,2.0,33.0,862.0,942.7571699557019
368,1,43,San Mateo,2020-04-22,50.0,17.0,67.0,395.0,15.0,2.0,32.0,1541.0,1411.4549405073712
369,2,123,San Mateo,2020-04-23,53.0,19.0,72.0,517.0,16.0,1.0,35.0,2550.0,2461.144585737419
370,3,176,San Mateo,2020-04-24,49.0,16.0,65.0,517.0,16.0,4.0,40.0,1096.0,955.7884762575275
371,4,189,San Mateo,2020-04-25,47.0,27.0,74.0,790.0,15.0,11.0,43.0,252.0,292.32685560594246
372,5,266,San Mateo,2020-04-26,53.0,10.0,63.0,790.0,18.0,2.0,43.0,2968.0,2902.299515962355
373,6,285,San Mateo,2020-04-27,52.0,28.0,80.0,790.0,16.0,4.0,62.0,517.0,662.0257425962004
374,7,397,San Mateo,2020-04-29,51.0,19.0,70.0,790.0,16.0,1.0,52.0,707.0,805.1065697079829
375,8,418,San Mateo,2020-04-30,53.0,10.0,63.0,790.0,16.0,1.0,48.0,2529.0,2511.0936415545357
376,9,470,San Mateo,2020-05-01,48.0,12.0,60.0,790.0,15.0,3.0,49.0,2490.0,2499.6860773304657
377,10,512,San Mateo,2020-05-02,48.0,13.0,61.0,790.0,16.0,1.0,51.0,2529.0,2403.1538873400004
378,11,561,San Mateo,2020-05-03,47.0,14.0,61.0,790.0,16.0,2.0,50.0,1579.0,1942.6937422915203
379,12,684,San Mateo,2020-05-05,44.0,14.0,58.0,1096.0,13.0,5.0,35.0,2483.0,2413.483264781037
380,13,746,San Mateo,2020-05-06,43.0,18.0,61.0,1096.0,12.0,2.0,52.0,1628.0,1747.8874380758368
381,14,773,San Mateo,2020-05-07,37.0,14.0,51.0,1096.0,11.0,2.0,43.0,2136.0,2103.271055994006
382,15,804,San Mateo,2020-05-08,33.0,23.0,56.0,1096.0,11.0,3.0,43.0,1096.0,1106.3591564219025
383,16,865,San Mateo,2020-05-09,32.0,26.0,58.0,1096.0,12.0,4.0,40.0,707.0,807.2782340182348
384,17,904,San Mateo,2020-05-10,29.0,23.0,52.0,1096.0,12.0,5.0,43.0,2398.0,2351.5053596819434
385,18,973,San Mateo,2020-05-11,31.0,18.0,49.0,1096.0,11.0,6.0,43.0,594.0,646.9049137763038
386,19,1011,San Mateo,2020-05-12,30.0,33.0,63.0,1096.0,14.0,6.0,35.0,646.0,629.3279204100024
387,20,1069,San Mateo,2020-05-13,34.0,35.0,69.0,1096.0,17.0,2.0,38.0,1887.0,2028.7331352719818
388,21,1172,San Mateo,2020-05-15,30.0,24.0,54.0,1096.0,10.0,6.0,40.0,2455.0,2303.0685250119022
389,22,1239,San Mateo,2020-05-16,31.0,23.0,54.0,1096.0,9.0,5.0,43.0,2150.0,2184.694210580816
390,23,1258,San Mateo,2020-05-17,32.0,23.0,55.0,1096.0,9.0,6.0,40.0,2162.0,2068.0979351945853
391,24,1333,San Mateo,2020-05-18,41.0,19.0,60.0,1096.0,10.0,5.0,41.0,598.0,647.2735889667222
392,25,1343,San Mateo,2020-05-19,41.0,30.0,71.0,1096.0,10.0,5.0,26.0,2513.0,2392.851959986455
393,26,1433,San Mateo,2020-05-20,37.0,37.0,74.0,1096.0,11.0,6.0,25.0,2513.0,2432.4298578392345
394,27,1471,San Mateo,2020-05-21,37.0,33.0,70.0,1096.0,10.0,4.0,26.0,565.0,626.6524098025825
395,28,1680,San Mateo,2020-05-25,44.0,13.0,57.0,1096.0,15.0,5.0,46.0,1485.0,1728.8342585796286
396,29,1682,San Mateo,2020-05-26,45.0,9.0,54.0,1096.0,16.0,4.0,47.0,858.0,860.1086901541651
397,30,1744,San Mateo,2020-05-27,33.0,8.0,41.0,1096.0,16.0,3.0,46.0,1628.0,1993.0075214164103
398,31,1801,San Mateo,2020-05-28,39.0,10.0,49.0,1096.0,17.0,1.0,44.0,871.0,957.4780382370475
399,32,1860,San Mateo,2020-05-29,37.0,8.0,45.0,1096.0,14.0,1.0,47.0,723.0,708.6265737566536
400,33,1921,San Mateo,2020-05-30,44.0,13.0,57.0,1096.0,13.0,2.0,51.0,2575.0,2555.865461601659
401,34,1963,San Mateo,2020-05-31,46.0,10.0,56.0,1096.0,26.0,1.0,39.0,719.0,670.5288068925513
402,35,2026,San Mateo,2020-06-02,42.0,17.0,59.0,1096.0,17.0,1.0,31.0,703.0,684.9003064298016
403,36,2111,San Mateo,2020-06-03,43.0,23.0,66.0,1101.0,15.0,6.0,36.0,1628.0,1791.617449005944
404,37,2149,San Mateo,2020-06-04,35.0,18.0,53.0,1101.0,11.0,3.0,48.0,858.0,911.9841919478416
405,38,2208,San Mateo,2020-06-05,36.0,18.0,54.0,1101.0,8.0,2.0,47.0,2968.0,2942.036398776435
406,39,2397,San Mateo,2020-06-09,31.0,13.0,44.0,1101.0,6.0,3.0,47.0,1742.0,1696.0617973350043
407,40,2418,San Mateo,2020-06-10,29.0,11.0,40.0,1049.0,7.0,2.0,50.0,726.0,745.3428881616067
408,41,2520,San Mateo,2020-06-12,22.0,10.0,32.0,1089.0,7.0,1.0,51.0,1579.0,1904.0951862852583
409,42,2624,San Mateo,2020-06-14,18.0,11.0,29.0,1089.0,9.0,1.0,51.0,2480.0,2475.5723996914103
410,43,2678,San Mateo,2020-06-15,17.0,5.0,22.0,1089.0,6.0,1.0,50.0,2498.0,2386.958266326493
411,44,2735,San Mateo,2020-06-16,17.0,11.0,28.0,1089.0,6.0,1.0,54.0,573.0,565.838994476504
412,45,2781,San Mateo,2020-06-17,14.0,6.0,20.0,1089.0,6.0,1.0,50.0,1523.0,1369.0013649922075
413,46,2854,San Mateo,2020-06-18,15.0,9.0,24.0,1089.0,6.0,2.0,59.0,705.0,670.9369822105557
414,47,2978,San Mateo,2020-06-21,18.0,9.0,27.0,1089.0,8.0,1.0,63.0,572.0,637.2602958830635
415,48,3030,San Mateo,2020-06-22,19.0,4.0,23.0,1089.0,9.0,1.0,60.0,1579.0,1920.4062370295273
416,49,3089,San Mateo,2020-06-23,22.0,5.0,27.0,1089.0,8.0,2.0,62.0,2484.0,2520.3331936438576
417,50,3108,San Mateo,2020-06-24,24.0,5.0,29.0,1089.0,8.0,3.0,50.0,695.0,674.8604891591391
418,51,3188,San Mateo,2020-06-25,22.0,5.0,27.0,1089.0,10.0,1.0,49.0,1579.0,2053.93124737084
419,52,3289,San Mateo,2020-06-27,23.0,4.0,27.0,1089.0,8.0,1.0,54.0,1866.0,1833.163410076118
420,53,3390,San Mateo,2020-06-29,33.0,8.0,41.0,1089.0,15.0,1.0,55.0,543.0,515.7032787289634
421,54,3404,San Mateo,2020-06-30,40.0,7.0,47.0,1089.0,18.0,1.0,49.0,708.0,744.7033528617608
422,55,3453,San Mateo,2020-07-01,45.0,10.0,55.0,1089.0,20.0,1.0,51.0,558.0,517.1645969776
423,56,3692,San Mateo,2020-07-06,48.0,7.0,55.0,1052.0,13.0,2.0,72.0,1412.0,1933.9888594900458
424,57,3779,San Mateo,2020-07-07,53.0,7.0,60.0,1052.0,11.0,2.0,66.0,705.0,628.0694887698392
425,58,3825,San Mateo,2020-07-08,51.0,9.0,60.0,1050.0,14.0,1.0,64.0,2513.0,2420.142588121982
426,59,3885,San Mateo,2020-07-09,47.0,11.0,58.0,1053.0,14.0,1.0,65.0,543.0,518.9047308275924
427,60,3913,San Mateo,2020-07-10,48.0,14.0,62.0,1056.0,14.0,4.0,56.0,2151.0,2135.6422213841006
428,61,3973,San Mateo,2020-07-11,50.0,9.0,59.0,1054.0,15.0,2.0,54.0,686.0,720.5807108428685
429,62,4007,San Mateo,2020-07-12,51.0,14.0,65.0,1057.0,13.0,4.0,55.0,2968.0,3260.970211839613
430,63,4067,San Mateo,2020-07-13,56.0,26.0,82.0,1057.0,11.0,5.0,59.0,871.0,824.1845082087269
431,64,4096,San Mateo,2020-07-14,59.0,18.0,77.0,1057.0,12.0,2.0,55.0,688.0,624.1109683530688
432,65,4176,San Mateo,2020-07-15,56.0,21.0,77.0,1057.0,12.0,4.0,57.0,701.0,706.8431012777567
433,66,4220,San Mateo,2020-07-16,61.0,19.0,80.0,1057.0,15.0,4.0,59.0,624.0,570.919623321457
434,67,4236,San Mateo,2020-07-17,60.0,20.0,80.0,1060.0,17.0,1.0,55.0,737.0,794.374217462491
435,68,4325,San Mateo,2020-07-18,67.0,17.0,84.0,1058.0,17.0,1.0,62.0,2417.0,2428.4435593743724
436,69,4375,San Mateo,2020-07-19,68.0,12.0,80.0,1058.0,18.0,1.0,52.0,608.0,649.841799509983
437,70,4418,San Mateo,2020-07-20,71.0,11.0,82.0,1054.0,18.0,2.0,56.0,575.0,598.6751378981066
438,71,4467,San Mateo,2020-07-21,72.0,8.0,80.0,1052.0,20.0,2.0,50.0,2497.0,2410.245873941095
439,72,4536,San Mateo,2020-07-23,68.0,12.0,80.0,806.0,18.0,2.0,15.0,1403.0,1340.8974488608792
440,73,4661,San Mateo,2020-07-25,72.0,10.0,82.0,805.0,19.0,1.0,16.0,694.0,675.7210811987859
441,74,4773,San Mateo,2020-07-27,71.0,15.0,86.0,729.0,17.0,1.0,24.0,1872.0,1762.2093173811486
442,75,4886,San Mateo,2020-07-29,64.0,15.0,79.0,697.0,16.0,2.0,14.0,542.0,504.2886436475442
443,76,4924,San Mateo,2020-07-30,58.0,10.0,68.0,702.0,22.0,2.0,15.0,612.0,845.26678154821
444,77,4979,San Mateo,2020-07-31,55.0,9.0,64.0,705.0,20.0,2.0,14.0,2477.0,2405.3204968971213
445,78,5061,San Mateo,2020-08-01,55.0,9.0,64.0,709.0,18.0,2.0,17.0,1096.0,1126.4432694200423
446,79,5116,San Mateo,2020-08-02,55.0,12.0,67.0,683.0,19.0,2.0,23.0,604.0,577.8670280066509
447,80,5190,San Mateo,2020-08-03,58.0,15.0,73.0,682.0,14.0,3.0,26.0,2154.0,2015.1810974306056
448,81,5245,San Mateo,2020-08-04,54.0,12.0,66.0,692.0,12.0,2.0,27.0,1479.0,1355.4934163712169
449,82,5312,San Mateo,2020-08-05,49.0,13.0,62.0,696.0,19.0,3.0,22.0,568.0,498.3360217300492
450,83,5344,San Mateo,2020-08-06,45.0,16.0,61.0,685.0,16.0,1.0,31.0,1806.0,1693.3039055863485
451,84,5420,San Mateo,2020-08-07,42.0,16.0,58.0,695.0,12.0,2.0,27.0,2523.0,2565.5290663512965
452,85,5462,San Mateo,2020-08-08,45.0,16.0,61.0,683.0,12.0,3.0,30.0,2073.0,2048.076934934511
453,86,5500,San Mateo,2020-08-09,39.0,17.0,56.0,682.0,12.0,2.0,29.0,1821.0,1870.2165798065544
454,87,5558,San Mateo,2020-08-10,41.0,19.0,60.0,671.0,10.0,2.0,30.0,707.0,773.8304938511054
455,88,5629,San Mateo,2020-08-11,47.0,14.0,61.0,685.0,11.0,1.0,27.0,694.0,694.132784047063
456,89,5664,San Mateo,2020-08-12,49.0,14.0,63.0,684.0,11.0,1.0,25.0,585.0,606.2535489915743
457,90,5743,San Mateo,2020-08-13,49.0,17.0,66.0,699.0,14.0,2.0,27.0,1777.0,1730.0510779009965
458,91,5780,San Mateo,2020-08-14,58.0,10.0,68.0,697.0,15.0,2.0,28.0,1628.0,1733.9440499364832
459,92,5942,San Mateo,2020-08-17,57.0,14.0,71.0,681.0,15.0,1.0,22.0,669.0,640.0069346031281
460,93,5993,San Mateo,2020-08-18,53.0,15.0,68.0,696.0,14.0,1.0,26.0,738.0,846.9344240250863
461,94,6136,San Mateo,2020-08-20,56.0,9.0,65.0,701.0,19.0,1.0,26.0,1096.0,954.3471203646693
462,95,6257,San Mateo,2020-08-22,56.0,11.0,67.0,680.0,13.0,2.0,22.0,2109.0,2054.0581058413336
463,96,6291,San Mateo,2020-08-23,57.0,8.0,65.0,673.0,14.0,4.0,21.0,2425.0,2425.148658896562
464,97,6338,San Mateo,2020-08-24,61.0,9.0,70.0,683.0,13.0,1.0,22.0,1483.0,1497.4425874672927
465,98,6401,San Mateo,2020-08-25,50.0,11.0,61.0,680.0,13.0,3.0,19.0,2481.0,2421.2250479613176
466,99,6439,San Mateo,2020-08-26,51.0,10.0,61.0,693.0,12.0,1.0,26.0,871.0,841.4536458150404
467,100,6542,San Mateo,2020-08-27,52.0,8.0,60.0,696.0,14.0,1.0,33.0,1057.0,1129.995893793944
468,101,6591,San Mateo,2020-08-28,41.0,12.0,53.0,690.0,12.0,1.0,28.0,1740.0,1744.980670028771
469,102,6651,San Mateo,2020-08-29,41.0,12.0,53.0,697.0,12.0,4.0,27.0,699.0,652.8370487394503
470,103,6671,San Mateo,2020-08-30,45.0,12.0,57.0,688.0,14.0,5.0,28.0,2451.0,2231.2603065755575
471,104,6731,San Mateo,2020-08-31,41.0,14.0,55.0,686.0,13.0,4.0,35.0,2532.0,2457.357376905078
472,105,6805,San Mateo,2020-09-01,37.0,15.0,52.0,685.0,12.0,3.0,32.0,707.0,784.1177756703873
473,106,6853,San Mateo,2020-09-02,36.0,11.0,47.0,690.0,12.0,3.0,25.0,2161.0,2161.9759379369934
474,107,6889,San Mateo,2020-09-03,33.0,8.0,41.0,695.0,11.0,2.0,25.0,2647.0,2782.5259701248633
475,108,6944,San Mateo,2020-09-04,37.0,5.0,42.0,686.0,12.0,2.0,27.0,587.0,533.9940877330587
476,109,6999,San Mateo,2020-09-05,35.0,8.0,43.0,680.0,10.0,3.0,25.0,2619.0,2407.195525803236
477,110,7060,San Mateo,2020-09-06,30.0,16.0,46.0,677.0,11.0,6.0,23.0,2025.0,2138.376968105976
478,111,7153,San Mateo,2020-09-07,39.0,15.0,54.0,673.0,10.0,2.0,21.0,2467.0,2246.8390522058044
479,112,7190,San Mateo,2020-09-08,43.0,27.0,70.0,699.0,8.0,4.0,22.0,1579.0,1976.0110069746418
480,113,7236,San Mateo,2020-09-09,47.0,29.0,76.0,720.0,9.0,5.0,19.0,2619.0,2366.2464239121855
481,114,7313,San Mateo,2020-09-10,34.0,17.0,51.0,706.0,11.0,5.0,33.0,1628.0,1774.9885166376166
482,115,7361,San Mateo,2020-09-11,38.0,10.0,48.0,701.0,11.0,5.0,36.0,1057.0,1126.220016113852
483,116,7440,San Mateo,2020-09-12,39.0,17.0,56.0,698.0,11.0,7.0,34.0,2446.0,2407.100537363069
484,117,7482,San Mateo,2020-09-13,43.0,12.0,55.0,695.0,11.0,5.0,39.0,2968.0,2994.381079016097
485,118,7545,San Mateo,2020-09-14,38.0,12.0,50.0,676.0,10.0,5.0,34.0,2138.0,2076.3859420555973
486,119,7587,San Mateo,2020-09-15,40.0,12.0,52.0,684.0,11.0,7.0,21.0,1628.0,1648.881937947086
487,120,7620,San Mateo,2020-09-16,39.0,14.0,53.0,702.0,14.0,7.0,16.0,746.0,856.6543732420131
488,121,7709,San Mateo,2020-09-17,39.0,10.0,49.0,704.0,13.0,1.0,31.0,1470.0,1465.2602878131995
489,122,7765,San Mateo,2020-09-18,39.0,9.0,48.0,715.0,15.0,1.0,29.0,518.0,475.2838510191061
490,123,7891,San Mateo,2020-09-21,35.0,12.0,47.0,701.0,11.0,3.0,35.0,711.0,783.1977035447954
491,124,7997,San Mateo,2020-09-22,36.0,8.0,44.0,703.0,11.0,1.0,37.0,723.0,850.8279285030272
492,125,8025,San Mateo,2020-09-23,37.0,10.0,47.0,711.0,13.0,1.0,35.0,696.0,704.4264213932482
493,126,8110,San Mateo,2020-09-24,35.0,12.0,47.0,689.0,14.0,2.0,32.0,570.0,501.147667302228
494,127,8143,San Mateo,2020-09-25,32.0,13.0,45.0,700.0,11.0,2.0,30.0,1089.0,1121.3084789749084
495,128,8175,San Mateo,2020-09-26,29.0,12.0,41.0,700.0,10.0,2.0,32.0,598.0,679.6397062236899
496,129,8337,San Mateo,2020-09-28,29.0,11.0,40.0,680.0,8.0,2.0,32.0,2619.0,2488.735723256017
497,130,8371,San Mateo,2020-09-29,26.0,17.0,43.0,696.0,7.0,5.0,12.0,562.0,568.0062089397327
498,131,8436,San Mateo,2020-09-30,26.0,16.0,42.0,703.0,8.0,2.0,19.0,1865.0,1825.1116576900376
499,132,8483,San Mateo,2020-10-01,29.0,13.0,42.0,711.0,10.0,1.0,26.0,654.0,692.2885526398177
500,133,8528,San Mateo,2020-10-02,29.0,13.0,42.0,708.0,10.0,1.0,31.0,598.0,648.3884935623641
501,134,8583,San Mateo,2020-10-03,29.0,11.0,40.0,705.0,10.0,2.0,34.0,1579.0,1882.213473952626
502,135,8673,San Mateo,2020-10-04,28.0,12.0,40.0,676.0,9.0,1.0,32.0,567.0,586.2461968126827
503,136,8717,San Mateo,2020-10-05,26.0,12.0,38.0,682.0,8.0,2.0,29.0,1089.0,1118.2037301585617
504,137,8927,San Mateo,2020-10-09,29.0,10.0,39.0,707.0,9.0,3.0,22.0,512.0,472.73877505868586
505,138,8995,San Mateo,2020-10-10,29.0,9.0,38.0,710.0,7.0,3.0,27.0,632.0,656.564423140345
506,139,9035,San Mateo,2020-10-11,29.0,8.0,37.0,677.0,6.0,2.0,40.0,2528.0,2492.677238811645
507,140,9085,San Mateo,2020-10-12,29.0,11.0,40.0,683.0,5.0,3.0,33.0,1801.0,1820.335648740078
508,141,9149,San Mateo,2020-10-13,28.0,9.0,37.0,694.0,4.0,2.0,27.0,2519.0,2425.8101585969325
509,142,9390,San Mateo,2020-10-17,21.0,7.0,28.0,686.0,6.0,3.0,30.0,2463.0,2511.3108388391665
510,143,9403,San Mateo,2020-10-18,20.0,7.0,27.0,670.0,5.0,2.0,35.0,871.0,925.2782134829815
511,144,9467,San Mateo,2020-10-19,23.0,9.0,32.0,669.0,7.0,2.0,40.0,2147.0,2105.412996671801
512,145,9569,San Mateo,2020-10-20,20.0,7.0,27.0,661.0,7.0,2.0,33.0,676.0,726.5086792826062
513,146,9587,San Mateo,2020-10-21,22.0,3.0,25.0,683.0,8.0,1.0,35.0,2968.0,3020.0149176566138
514,147,9631,San Mateo,2020-10-22,19.0,7.0,26.0,691.0,5.0,2.0,32.0,1096.0,999.0548609792925
515,148,9690,San Mateo,2020-10-23,22.0,10.0,32.0,714.0,5.0,1.0,22.0,663.0,681.9746088307741
516,149,9770,San Mateo,2020-10-24,21.0,12.0,33.0,693.0,4.0,1.0,29.0,1089.0,1181.1038667158427
517,150,9842,San Mateo,2020-10-25,21.0,9.0,30.0,691.0,5.0,1.0,31.0,2103.0,2043.153136282358
518,151,9998,San Mateo,2020-10-28,15.0,9.0,24.0,692.0,3.0,1.0,34.0,2518.0,2446.997027121214
519,152,10169,San Mateo,2020-10-31,19.0,12.0,31.0,710.0,3.0,2.0,35.0,1820.0,1777.5334737165938
520,153,10203,San Mateo,2020-11-01,17.0,10.0,27.0,676.0,4.0,3.0,37.0,552.0,512.0527134087115
521,154,10262,San Mateo,2020-11-02,17.0,13.0,30.0,682.0,3.0,1.0,41.0,351.0,407.657412414105
522,155,10306,San Mateo,2020-11-03,17.0,11.0,28.0,712.0,1.0,2.0,35.0,2508.0,2440.671704138967
523,156,10525,San Mateo,2020-11-07,20.0,5.0,25.0,701.0,5.0,1.0,37.0,2466.0,2422.228042573396
524,157,10722,San Mateo,2020-11-10,22.0,11.0,33.0,725.0,2.0,1.0,33.0,2525.0,2524.156402022421
525,158,10749,San Mateo,2020-11-11,21.0,10.0,31.0,738.0,2.0,1.0,37.0,2146.0,2187.11708996951
526,159,10847,San Mateo,2020-11-12,23.0,9.0,32.0,737.0,3.0,1.0,38.0,1775.0,1715.1583167827553
527,160,11101,San Mateo,2020-11-17,26.0,9.0,35.0,711.0,7.0,1.0,33.0,2401.0,2453.65437099264
528,161,11198,San Mateo,2020-11-19,25.0,7.0,32.0,729.0,7.0,1.0,28.0,2460.0,2449.054259380615
529,162,11285,San Mateo,2020-11-20,26.0,12.0,38.0,741.0,7.0,1.0,34.0,2492.0,2537.6801687607167
530,163,11501,San Mateo,2020-11-24,45.0,6.0,51.0,720.0,7.0,2.0,31.0,480.0,457.7037875653316
531,164,11564,San Mateo,2020-11-25,46.0,6.0,52.0,727.0,7.0,1.0,27.0,2505.0,2417.166750305932
532,165,11625,San Mateo,2020-11-26,47.0,5.0,52.0,708.0,8.0,1.0,28.0,2051.0,1936.0200053220033
533,166,11668,San Mateo,2020-11-27,46.0,6.0,52.0,716.0,9.0,1.0,31.0,2359.0,2338.043859835088
534,167,11711,San Mateo,2020-11-28,50.0,6.0,56.0,720.0,7.0,2.0,35.0,2381.0,2351.312207217705
535,168,11771,San Mateo,2020-11-29,58.0,9.0,67.0,727.0,13.0,1.0,38.0,595.0,550.9034745539652
536,169,11829,San Mateo,2020-11-30,65.0,9.0,74.0,718.0,13.0,2.0,36.0,2968.0,2968.2892420091775
537,170,11912,San Mateo,2020-12-01,72.0,6.0,78.0,744.0,17.0,1.0,40.0,707.0,799.1477562995497
538,171,11944,San Mateo,2020-12-02,70.0,6.0,76.0,735.0,21.0,1.0,43.0,1628.0,1724.2412343180097
539,172,12037,San Mateo,2020-12-04,78.0,11.0,89.0,738.0,19.0,1.0,38.0,602.0,613.1366687424076
540,173,12226,San Mateo,2020-12-07,83.0,12.0,95.0,742.0,20.0,1.0,34.0,1989.0,2075.8826857782997
541,174,12295,San Mateo,2020-12-08,87.0,10.0,97.0,754.0,19.0,1.0,35.0,2035.0,2176.151644844254
542,175,12332,San Mateo,2020-12-09,96.0,14.0,110.0,764.0,24.0,1.0,31.0,688.0,704.0740359303462
543,176,12383,San Mateo,2020-12-10,98.0,14.0,112.0,761.0,22.0,2.0,29.0,2508.0,2545.7084115900916
544,177,12446,San Mateo,2020-12-11,103.0,9.0,112.0,756.0,25.0,1.0,32.0,737.0,812.2787967625945
545,178,12584,San Mateo,2020-12-13,105.0,10.0,115.0,746.0,26.0,1.0,38.0,2466.0,2419.323001635611
546,179,12724,San Mateo,2020-12-16,116.0,13.0,129.0,758.0,31.0,1.0,28.0,2126.0,2008.3741354464992
547,180,12769,San Mateo,2020-12-17,129.0,9.0,138.0,750.0,29.0,1.0,28.0,581.0,569.2282147802307
548,181,12850,San Mateo,2020-12-18,139.0,14.0,153.0,750.0,27.0,3.0,37.0,2132.0,2155.387473847641
549,182,12879,San Mateo,2020-12-19,136.0,11.0,147.0,739.0,26.0,2.0,29.0,684.0,705.0374425377246
550,183,12966,San Mateo,2020-12-20,133.0,8.0,141.0,744.0,30.0,5.0,31.0,2396.0,2376.9637149224764
551,184,12995,San Mateo,2020-12-21,130.0,7.0,137.0,738.0,29.0,2.0,33.0,548.0,486.2694026822883
552,185,13132,San Mateo,2020-12-23,157.0,8.0,165.0,746.0,41.0,1.0,24.0,560.0,564.4136483952732
553,186,13183,San Mateo,2020-12-24,149.0,8.0,157.0,742.0,36.0,1.0,21.0,2433.0,2327.2028713156406
554,187,13251,San Mateo,2020-12-25,142.0,6.0,148.0,729.0,31.0,2.0,26.0,680.0,668.5545231497425
555,188,13279,San Mateo,2020-12-26,146.0,2.0,148.0,723.0,33.0,1.0,28.0,2160.0,2117.3177973631023
556,189,13336,San Mateo,2020-12-27,152.0,8.0,160.0,727.0,34.0,3.0,28.0,577.0,549.9849223687131
557,190,13410,San Mateo,2020-12-28,157.0,8.0,165.0,724.0,36.0,3.0,27.0,587.0,538.1833662911934
558,191,13624,San Mateo,2021-01-01,171.0,6.0,177.0,733.0,40.0,1.0,23.0,1907.0,1831.642415840811
559,192,13685,San Mateo,2021-01-02,170.0,12.0,182.0,746.0,41.0,1.0,23.0,2372.0,2324.855605967265
560,193,13714,San Mateo,2021-01-03,179.0,9.0,188.0,742.0,44.0,2.0,24.0,2393.0,2300.2547516619857
561,194,13900,San Mateo,2021-01-06,180.0,7.0,187.0,776.0,39.0,1.0,12.0,1509.0,1401.89533806854
562,195,14019,San Mateo,2021-01-08,180.0,10.0,190.0,771.0,32.0,1.0,16.0,871.0,923.6414620357632
563,196,14110,San Mateo,2021-01-10,189.0,12.0,201.0,737.0,28.0,1.0,20.0,2647.0,2633.8518253163493
564,197,14216,San Mateo,2021-01-11,195.0,10.0,205.0,767.0,37.0,1.0,21.0,686.0,656.3007242558158
565,198,14219,San Mateo,2021-01-12,194.0,11.0,205.0,755.0,42.0,1.0,18.0,707.0,882.8935692677017
566,199,14652,San Mateo,2021-01-19,192.0,6.0,198.0,746.0,42.0,1.0,16.0,1089.0,1115.9196904156643
567,200,14678,San Mateo,2021-01-20,192.0,11.0,203.0,758.0,38.0,1.0,17.0,2968.0,3053.607221596122
568,201,14734,San Mateo,2021-01-21,175.0,7.0,182.0,743.0,40.0,1.0,10.0,1840.0,1891.305221538102
569,202,14831,San Mateo,2021-01-22,165.0,7.0,172.0,724.0,42.0,1.0,11.0,566.0,508.21708727220675
570,203,14875,San Mateo,2021-01-23,160.0,12.0,172.0,726.0,43.0,1.0,16.0,530.0,479.1953768425683
571,204,14920,San Mateo,2021-01-24,159.0,9.0,168.0,720.0,41.0,1.0,17.0,1056.0,1130.1688737983893
572,205,14948,San Mateo,2021-01-25,147.0,8.0,155.0,715.0,37.0,1.0,16.0,2394.0,2416.2472982070276
573,206,15006,San Mateo,2021-01-26,147.0,13.0,160.0,726.0,33.0,2.0,12.0,2136.0,2073.2540069892298
574,207,15080,San Mateo,2021-01-27,149.0,12.0,161.0,735.0,37.0,2.0,12.0,702.0,642.0570584856353
575,208,15722,San Mateo,2021-02-07,101.0,9.0,110.0,703.0,27.0,1.0,18.0,733.0,717.405655609968
576,209,15750,San Mateo,2021-02-08,96.0,13.0,109.0,714.0,27.0,1.0,17.0,2486.0,2492.790278205032
577,210,15797,San Mateo,2021-02-09,101.0,17.0,118.0,732.0,25.0,3.0,11.0,2160.0,2158.203932595564
578,211,15864,San Mateo,2021-02-10,97.0,13.0,110.0,730.0,24.0,2.0,16.0,2525.0,2484.634413050915
579,212,15898,San Mateo,2021-02-11,93.0,14.0,107.0,723.0,24.0,5.0,21.0,680.0,693.4234855207819
580,213,15955,San Mateo,2021-02-12,88.0,11.0,99.0,726.0,20.0,4.0,16.0,2968.0,2775.4855331030685
581,214,16023,San Mateo,2021-02-13,86.0,12.0,98.0,723.0,22.0,3.0,15.0,2356.0,2432.6262223686936
582,215,16073,San Mateo,2021-02-14,81.0,10.0,91.0,733.0,25.0,4.0,15.0,1831.0,1760.358625378852
583,216,16169,San Mateo,2021-02-15,80.0,7.0,87.0,728.0,24.0,1.0,18.0,1841.0,1778.8101535319363
584,217,16187,San Mateo,2021-02-16,82.0,7.0,89.0,726.0,22.0,1.0,24.0,720.0,710.5651087021962
585,218,16267,San Mateo,2021-02-17,85.0,9.0,94.0,744.0,20.0,1.0,28.0,1096.0,935.9009058422529
586,219,16413,San Mateo,2021-02-20,64.0,6.0,70.0,720.0,19.0,2.0,24.0,1628.0,2052.024951856247
587,220,16459,San Mateo,2021-02-21,66.0,8.0,74.0,714.0,18.0,1.0,24.0,1461.0,1384.0528119673118
588,221,16561,San Mateo,2021-02-22,65.0,8.0,73.0,705.0,18.0,1.0,21.0,696.0,601.7521833604676
589,222,16609,San Mateo,2021-02-23,61.0,5.0,66.0,703.0,17.0,1.0,16.0,249.0,280.0380905153879
590,223,16668,San Mateo,2021-02-24,53.0,5.0,58.0,704.0,16.0,2.0,21.0,2524.0,2466.398770069739
591,224,16766,San Mateo,2021-02-26,54.0,3.0,57.0,682.0,16.0,3.0,12.0,1825.0,1708.7989061693984
592,225,16953,San Mateo,2021-03-01,53.0,3.0,56.0,692.0,16.0,1.0,23.0,2505.0,2526.1503751269975
593,226,16984,San Mateo,2021-03-02,49.0,5.0,54.0,710.0,15.0,1.0,22.0,717.0,712.0093360387966
594,227,17031,San Mateo,2021-03-03,50.0,6.0,56.0,730.0,13.0,1.0,19.0,1949.0,1949.0428491765515
595,228,17081,San Mateo,2021-03-04,46.0,5.0,51.0,721.0,15.0,2.0,20.0,2157.0,2172.6417566978444
596,229,17169,San Mateo,2021-03-05,44.0,8.0,52.0,734.0,14.0,2.0,21.0,605.0,534.4314657561158
597,230,17239,San Mateo,2021-03-06,40.0,2.0,42.0,701.0,13.0,2.0,20.0,2520.0,2445.9700554210376
598,231,17263,San Mateo,2021-03-07,39.0,2.0,41.0,694.0,13.0,1.0,20.0,572.0,609.5861155621718
599,232,17351,San Mateo,2021-03-08,40.0,4.0,44.0,700.0,11.0,1.0,24.0,862.0,953.5226859781073
600,233,17372,San Mateo,2021-03-09,36.0,7.0,43.0,710.0,13.0,2.0,23.0,750.0,878.7375926489815
601,234,17436,San Mateo,2021-03-10,34.0,8.0,42.0,714.0,15.0,2.0,23.0,584.0,547.636047457545
602,235,17490,San Mateo,2021-03-11,38.0,8.0,46.0,720.0,15.0,3.0,21.0,592.0,623.0962709362802
603,236,17544,San Mateo,2021-03-12,35.0,6.0,41.0,727.0,14.0,2.0,25.0,1628.0,1677.646473937211
604,237,17615,San Mateo,2021-03-13,35.0,7.0,42.0,715.0,16.0,2.0,19.0,2483.0,2360.692431506675
605,238,17658,San Mateo,2021-03-14,34.0,8.0,42.0,717.0,13.0,1.0,24.0,2558.0,2516.8177123510086
606,239,17712,San Mateo,2021-03-15,26.0,6.0,32.0,686.0,11.0,1.0,21.0,699.0,658.655493036536
607,240,17781,San Mateo,2021-03-16,23.0,8.0,31.0,677.0,9.0,1.0,24.0,578.0,612.8393668694457
608,241,17929,San Mateo,2021-03-19,23.0,7.0,30.0,717.0,9.0,1.0,23.0,2968.0,2963.606938901841
609,242,18639,San Mateo,2021-03-31,32.0,12.0,44.0,727.0,7.0,2.0,28.0,2489.0,2561.899487111118
610,243,18686,San Mateo,2021-04-01,28.0,11.0,39.0,716.0,7.0,2.0,23.0,1907.0,1817.227184532634
611,244,18706,San Mateo,2021-04-02,29.0,10.0,39.0,709.0,6.0,2.0,26.0,2157.0,2043.0945544012166
612,245,18767,San Mateo,2021-04-03,29.0,8.0,37.0,679.0,5.0,1.0,23.0,1831.0,1873.0117430139944
613,246,18836,San Mateo,2021-04-04,23.0,8.0,31.0,675.0,5.0,1.0,30.0,2647.0,2594.8265735621853
614,247,18893,San Mateo,2021-04-05,22.0,10.0,32.0,677.0,6.0,1.0,28.0,707.0,760.1168537489852
615,248,18942,San Mateo,2021-04-06,23.0,7.0,30.0,684.0,6.0,1.0,30.0,2419.0,2350.359197426897
616,249,18995,San Mateo,2021-04-07,21.0,5.0,26.0,696.0,4.0,1.0,27.0,697.0,712.635343569648
617,250,19113,San Mateo,2021-04-09,18.0,8.0,26.0,694.0,4.0,1.0,25.0,2550.0,2422.7905373930116
618,251,19182,San Mateo,2021-04-10,18.0,9.0,27.0,694.0,4.0,1.0,22.0,2619.0,2390.329170515849
619,252,19231,San Mateo,2021-04-11,20.0,6.0,26.0,675.0,4.0,2.0,23.0,733.0,849.1204420989513
620,253,19338,San Mateo,2021-04-13,22.0,7.0,29.0,686.0,3.0,1.0,19.0,479.0,449.25087208160744
621,254,19542,San Mateo,2021-04-17,13.0,4.0,17.0,660.0,2.0,1.0,25.0,2172.0,2070.022678440038
622,255,19692,San Mateo,2021-04-19,13.0,4.0,17.0,659.0,3.0,1.0,28.0,1522.0,1470.2379632322588
623,256,19751,San Mateo,2021-04-20,14.0,6.0,20.0,688.0,1.0,2.0,25.0,1089.0,1122.4960678058185
624,257,19773,San Mateo,2021-04-21,17.0,8.0,25.0,686.0,3.0,2.0,22.0,1472.0,1334.7394302889954
625,258,20242,San Mateo,2021-04-29,20.0,8.0,28.0,701.0,5.0,1.0,26.0,397.0,581.894998410902
626,259,20329,San Mateo,2021-05-01,20.0,6.0,26.0,688.0,4.0,1.0,27.0,1628.0,1731.1614573031172
627,260,20418,San Mateo,2021-05-02,21.0,3.0,24.0,663.0,5.0,1.0,25.0,654.0,615.0013007540654
628,261,20557,San Mateo,2021-05-05,23.0,3.0,26.0,686.0,5.0,1.0,23.0,2619.0,2555.1872888521116
629,262,21187,San Mateo,2021-05-16,15.0,5.0,20.0,680.0,3.0,1.0,25.0,584.0,645.9489953002828
630,263,21236,San Mateo,2021-05-17,11.0,5.0,16.0,678.0,2.0,1.0,25.0,1498.0,1359.7518888149984
631,264,21287,San Mateo,2021-05-18,13.0,7.0,20.0,690.0,4.0,1.0,13.0,692.0,651.0375485664089
632,265,21854,San Mateo,2021-05-28,11.0,10.0,21.0,719.0,3.0,1.0,19.0,549.0,621.6043771671191
633,266,21892,San Mateo,2021-05-29,9.0,8.0,17.0,699.0,3.0,1.0,16.0,2159.0,2105.1099233081773
634,267,21974,San Mateo,2021-05-30,9.0,5.0,14.0,685.0,3.0,1.0,19.0,1579.0,1946.725340445324
635,268,22168,San Mateo,2021-06-02,10.0,7.0,17.0,696.0,3.0,1.0,17.0,681.0,697.5539008975736
636,269,22266,San Mateo,2021-06-04,11.0,9.0,20.0,726.0,2.0,1.0,23.0,862.0,980.4489860245359
637,270,22333,San Mateo,2021-06-05,12.0,6.0,18.0,691.0,1.0,1.0,22.0,2493.0,2598.8348260798502
638,271,22468,San Mateo,2021-06-08,9.0,7.0,16.0,675.0,1.0,1.0,27.0,591.0,567.4543643696944
639,272,22565,San Mateo,2021-06-10,9.0,8.0,17.0,683.0,1.0,1.0,26.0,2485.0,2516.2851815937092
640,273,23071,San Mateo,2021-06-19,6.0,9.0,15.0,691.0,1.0,2.0,20.0,696.0,636.5128813343156
641,274,23136,San Mateo,2021-06-20,6.0,10.0,16.0,693.0,1.0,1.0,18.0,704.0,672.9316350893507
642,275,23180,San Mateo,2021-06-21,6.0,8.0,14.0,692.0,2.0,2.0,20.0,691.0,669.5109331291134
643,276,23339,San Mateo,2021-06-23,9.0,11.0,20.0,703.0,2.0,1.0,8.0,1516.0,1396.2118071125258
644,277,23442,San Mateo,2021-06-25,7.0,11.0,18.0,705.0,2.0,1.0,14.0,2513.0,2473.466929664119
645,278,23466,San Mateo,2021-06-26,7.0,10.0,17.0,708.0,2.0,1.0,12.0,586.0,536.6735680292011
646,279,23527,San Mateo,2021-06-27,6.0,11.0,17.0,703.0,2.0,1.0,14.0,1101.0,1105.5659526658756
647,280,23948,San Mateo,2021-07-04,7.0,3.0,10.0,654.0,14.0,1.0,12.0,211.0,254.3638200101043
648,281,24073,San Mateo,2021-07-06,7.0,6.0,13.0,677.0,4.0,1.0,21.0,2128.0,2157.2107486369055
649,282,24144,San Mateo,2021-07-08,7.0,8.0,15.0,699.0,3.0,2.0,19.0,1835.0,1851.2617018107564
650,283,24196,San Mateo,2021-07-09,7.0,6.0,13.0,686.0,2.0,1.0,19.0,583.0,593.7603720850909
651,284,24242,San Mateo,2021-07-10,10.0,5.0,15.0,694.0,1.0,1.0,26.0,716.0,699.4837258208473
652,285,24327,San Mateo,2021-07-11,8.0,1.0,9.0,690.0,1.0,1.0,24.0,575.0,578.1019466469724
653,286,24363,San Mateo,2021-07-12,7.0,6.0,13.0,690.0,1.0,2.0,25.0,2485.0,2278.7186532371375
654,287,24464,San Mateo,2021-07-13,10.0,6.0,16.0,696.0,2.0,2.0,16.0,1628.0,1782.1466301035684
655,288,24474,San Mateo,2021-07-14,8.0,4.0,12.0,719.0,2.0,1.0,15.0,1740.0,1688.9514929894447
656,289,24536,San Mateo,2021-07-15,11.0,5.0,16.0,723.0,3.0,3.0,17.0,2497.0,2374.8597002818597
657,290,24629,San Mateo,2021-07-16,15.0,4.0,19.0,709.0,3.0,1.0,20.0,557.0,630.4803225617036
658,291,24635,San Mateo,2021-07-17,13.0,5.0,18.0,717.0,4.0,1.0,15.0,546.0,467.48222962331397
659,292,24739,San Mateo,2021-07-18,14.0,8.0,22.0,695.0,5.0,1.0,15.0,1096.0,1053.762135103249
660,293,25179,San Mateo,2021-07-26,26.0,2.0,28.0,694.0,8.0,2.0,19.0,1628.0,1746.3903561328468
661,294,25463,San Mateo,2021-07-31,32.0,6.0,38.0,706.0,9.0,1.0,18.0,686.0,747.8399440571742
662,295,25482,San Mateo,2021-08-01,35.0,4.0,39.0,701.0,9.0,1.0,19.0,565.0,482.41381084107024
663,296,25535,San Mateo,2021-08-02,37.0,9.0,46.0,698.0,8.0,1.0,17.0,682.0,708.1913711990912
664,297,25634,San Mateo,2021-08-03,37.0,8.0,45.0,723.0,14.0,2.0,12.0,1628.0,1742.2674977368174
665,298,25667,San Mateo,2021-08-04,45.0,6.0,51.0,725.0,12.0,1.0,6.0,1096.0,1118.5984110956263
666,299,25708,San Mateo,2021-08-05,45.0,8.0,53.0,711.0,10.0,1.0,12.0,514.0,484.90954908016556
667,300,25758,San Mateo,2021-08-06,44.0,8.0,52.0,713.0,9.0,1.0,19.0,575.0,498.19793632233973
668,301,25842,San Mateo,2021-08-07,40.0,7.0,47.0,708.0,8.0,1.0,15.0,2474.0,2474.31161286915
669,302,25875,San Mateo,2021-08-08,42.0,9.0,51.0,693.0,7.0,1.0,17.0,789.0,881.0313539452709
670,303,25931,San Mateo,2021-08-09,38.0,7.0,45.0,703.0,8.0,1.0,19.0,1096.0,1113.7802971376811
671,304,25982,San Mateo,2021-08-10,38.0,10.0,48.0,722.0,10.0,3.0,15.0,660.0,626.433508207017
672,305,26066,San Mateo,2021-08-11,40.0,11.0,51.0,720.0,10.0,2.0,20.0,871.0,917.2259694231457
673,306,26516,San Mateo,2021-08-19,54.0,7.0,61.0,700.0,16.0,1.0,18.0,507.0,464.272795676648
674,307,26590,San Mateo,2021-08-20,54.0,9.0,63.0,707.0,18.0,1.0,17.0,707.0,786.0549737259154
675,308,26636,San Mateo,2021-08-21,55.0,6.0,61.0,708.0,19.0,1.0,19.0,738.0,604.5548535380524
676,309,26797,San Mateo,2021-08-24,57.0,5.0,62.0,710.0,17.0,1.0,20.0,2370.0,2418.6598993065445
677,310,26825,San Mateo,2021-08-25,52.0,7.0,59.0,707.0,17.0,1.0,15.0,1781.0,1759.137279828402
678,311,26905,San Mateo,2021-08-26,56.0,10.0,66.0,716.0,16.0,1.0,17.0,566.0,527.9312891930081
679,312,26979,San Mateo,2021-08-27,53.0,8.0,61.0,730.0,17.0,1.0,13.0,2619.0,2432.0424950296183
680,313,27349,San Mateo,2021-09-03,41.0,16.0,57.0,690.0,15.0,1.0,14.0,553.0,475.1224986076761
681,314,27508,San Mateo,2021-09-06,51.0,5.0,56.0,683.0,14.0,1.0,21.0,1500.0,1438.9975537273515
682,315,27583,San Mateo,2021-09-07,53.0,3.0,56.0,686.0,18.0,1.0,22.0,707.0,815.932532973043
683,316,27606,San Mateo,2021-09-08,56.0,5.0,61.0,705.0,18.0,1.0,20.0,2170.0,2124.678275206011
684,317,27697,San Mateo,2021-09-09,55.0,3.0,58.0,708.0,18.0,2.0,17.0,2404.0,2353.4604817087693
685,318,27751,San Mateo,2021-09-10,56.0,6.0,62.0,712.0,17.0,2.0,19.0,1096.0,1134.0267740769264
686,319,27789,San Mateo,2021-09-11,51.0,8.0,59.0,695.0,15.0,1.0,15.0,2529.0,2460.506906364551
687,320,27866,San Mateo,2021-09-12,47.0,7.0,54.0,699.0,15.0,1.0,19.0,724.0,776.5402371036947
688,321,27978,San Mateo,2021-09-14,39.0,7.0,46.0,701.0,15.0,1.0,16.0,2481.0,2547.932399252566
689,322,28045,San Mateo,2021-09-15,38.0,7.0,45.0,712.0,15.0,1.0,16.0,587.0,529.919261108122
690,323,28153,San Mateo,2021-09-17,38.0,8.0,46.0,683.0,13.0,2.0,18.0,2456.0,2404.6799969134527
691,324,28192,San Mateo,2021-09-18,35.0,8.0,43.0,682.0,12.0,2.0,18.0,1748.0,2392.930347920019
692,325,28235,San Mateo,2021-09-19,34.0,7.0,41.0,687.0,13.0,1.0,20.0,871.0,921.3882713949141
693,326,28282,San Mateo,2021-09-20,35.0,5.0,40.0,683.0,11.0,1.0,25.0,1887.0,1746.3373874432405
694,327,28429,San Mateo,2021-09-22,31.0,6.0,37.0,704.0,8.0,1.0,17.0,717.0,728.5341829499986
695,328,28487,San Mateo,2021-09-23,33.0,7.0,40.0,707.0,9.0,1.0,13.0,1473.0,1392.6321149884661
696,329,28518,San Mateo,2021-09-24,30.0,9.0,39.0,713.0,10.0,1.0,16.0,595.0,588.53036810186
697,330,28574,San Mateo,2021-09-25,32.0,10.0,42.0,713.0,13.0,2.0,15.0,2411.0,2441.820626575387
698,331,28634,San Mateo,2021-09-26,30.0,11.0,41.0,707.0,13.0,1.0,18.0,2506.0,2411.639719540792
699,332,28686,San Mateo,2021-09-27,29.0,11.0,40.0,699.0,9.0,1.0,17.0,397.0,378.46454191694784
700,333,28754,San Mateo,2021-09-28,31.0,12.0,43.0,713.0,9.0,1.0,14.0,2446.0,2446.2389725959392
701,334,29035,San Mateo,2021-10-03,20.0,3.0,23.0,685.0,7.0,1.0,17.0,698.0,667.0965391478074
702,335,29089,San Mateo,2021-10-04,15.0,7.0,22.0,690.0,7.0,1.0,22.0,592.0,608.1370387332032
703,336,29167,San Mateo,2021-10-05,20.0,7.0,27.0,705.0,7.0,1.0,18.0,599.0,551.3628641451369
704,337,29187,San Mateo,2021-10-06,21.0,5.0,26.0,698.0,4.0,1.0,19.0,1628.0,1804.2740947588613
705,338,29277,San Mateo,2021-10-07,24.0,6.0,30.0,705.0,6.0,1.0,15.0,2128.0,2083.379332558695
706,339,29305,San Mateo,2021-10-08,23.0,4.0,27.0,697.0,6.0,2.0,14.0,2508.0,2474.8360056494093
707,340,29389,San Mateo,2021-10-09,19.0,4.0,23.0,672.0,4.0,2.0,13.0,2647.0,2554.715083693691
708,341,29404,San Mateo,2021-10-10,19.0,6.0,25.0,663.0,4.0,3.0,16.0,1848.0,1726.110400441003
709,342,29488,San Mateo,2021-10-11,17.0,7.0,24.0,669.0,4.0,1.0,20.0,2130.0,2077.2397390108445
710,343,29544,San Mateo,2021-10-12,18.0,10.0,28.0,682.0,4.0,3.0,17.0,2330.0,2326.001792361307
711,344,29582,San Mateo,2021-10-13,18.0,5.0,23.0,688.0,5.0,1.0,12.0,530.0,486.96420418203934
712,345,29660,San Mateo,2021-10-14,20.0,6.0,26.0,682.0,7.0,2.0,10.0,2520.0,2458.3336033274036
713,346,29717,San Mateo,2021-10-15,21.0,9.0,30.0,693.0,8.0,1.0,9.0,738.0,862.564397566686
714,347,29739,San Mateo,2021-10-16,23.0,10.0,33.0,679.0,7.0,2.0,15.0,685.0,743.5410029362497
715,348,29814,San Mateo,2021-10-17,25.0,9.0,34.0,673.0,8.0,2.0,20.0,714.0,734.8928047964424
716,0,207,Napa,2020-04-25,1.0,1.0,2.0,387.0,1.0,1.0,1.0,2332.0,2355.510201941688
717,1,2353,Napa,2020-06-08,1.0,6.0,7.0,397.0,1.0,1.0,3.0,2128.0,2112.411286496608
718,2,2661,Napa,2020-06-15,5.0,1.0,6.0,397.0,1.0,1.0,5.0,858.0,852.7235063608643
719,3,3014,Napa,2020-06-22,5.0,5.0,10.0,397.0,1.0,1.0,6.0,2564.0,2536.502718055842
720,4,3339,Napa,2020-06-28,7.0,3.0,10.0,397.0,5.0,2.0,6.0,668.0,679.3325612176037
721,5,3440,Napa,2020-06-30,7.0,2.0,9.0,397.0,7.0,1.0,1.0,2498.0,2468.9605864186856
722,6,3471,Napa,2020-07-01,7.0,1.0,8.0,397.0,7.0,1.0,41.0,2446.0,2356.2304883565107
723,7,4050,Napa,2020-07-13,9.0,2.0,11.0,387.0,6.0,1.0,4.0,597.0,646.6479062452872
724,8,4412,Napa,2020-07-20,8.0,2.0,10.0,387.0,2.0,1.0,6.0,2505.0,2526.1946944709907
725,9,5346,Napa,2020-08-06,8.0,1.0,9.0,359.0,4.0,1.0,20.0,2647.0,2658.2999032393836
726,10,5378,Napa,2020-08-07,7.0,3.0,10.0,359.0,4.0,3.0,17.0,790.0,933.3187063228033
727,11,6078,Napa,2020-08-19,5.0,1.0,6.0,359.0,3.0,1.0,19.0,583.0,614.1739986405217
728,12,7027,Napa,2020-09-05,3.0,2.0,5.0,351.0,3.0,2.0,18.0,2647.0,2680.4285672064784
729,13,11996,Napa,2020-12-03,12.0,1.0,13.0,351.0,4.0,1.0,24.0,1429.0,1378.9130827229733
730,14,12606,Napa,2020-12-14,19.0,1.0,20.0,252.0,7.0,1.0,6.0,1052.0,1232.4175464839795
731,15,12791,Napa,2020-12-17,22.0,2.0,24.0,249.0,7.0,2.0,5.0,1628.0,1751.499687866335
732,16,13675,Napa,2021-01-02,29.0,1.0,30.0,241.0,15.0,1.0,1.0,2149.0,2110.0843632784395
733,17,14378,Napa,2021-01-14,26.0,2.0,28.0,211.0,13.0,1.0,2.0,707.0,791.6780178308068
734,18,14775,Napa,2021-01-21,26.0,1.0,27.0,213.0,6.0,1.0,1.0,2647.0,2487.2414267978056
735,19,16062,Napa,2021-02-13,12.0,1.0,13.0,212.0,2.0,1.0,2.0,701.0,759.9207722825305
736,0,375,Sonoma,2020-04-29,5.0,14.0,19.0,789.0,2.0,2.0,51.0,739.0,832.6273769039155
737,1,458,Sonoma,2020-04-30,5.0,7.0,12.0,789.0,2.0,3.0,50.0,2619.0,2476.1858645664856
738,2,488,Sonoma,2020-05-01,4.0,15.0,19.0,789.0,1.0,4.0,52.0,1748.0,2069.2171031767202
739,3,550,Sonoma,2020-05-02,3.0,14.0,17.0,789.0,2.0,1.0,49.0,562.0,527.946046051898
740,4,575,Sonoma,2020-05-03,2.0,14.0,16.0,789.0,1.0,4.0,51.0,1484.0,1427.983557145873
741,5,631,Sonoma,2020-05-04,3.0,13.0,16.0,789.0,1.0,2.0,57.0,1628.0,2005.047415871501
742,6,712,Sonoma,2020-05-06,4.0,13.0,17.0,871.0,1.0,2.0,56.0,582.0,578.4756046740383
743,7,757,Sonoma,2020-05-07,2.0,11.0,13.0,871.0,1.0,2.0,52.0,2123.0,2074.2987999595
744,8,812,Sonoma,2020-05-08,2.0,15.0,17.0,871.0,1.0,4.0,51.0,2502.0,2542.2431061403167
745,9,850,Sonoma,2020-05-09,3.0,12.0,15.0,871.0,2.0,3.0,50.0,742.0,863.2629055070128
746,10,939,Sonoma,2020-05-10,5.0,7.0,12.0,871.0,2.0,2.0,50.0,761.0,819.5084726334921
747,11,987,Sonoma,2020-05-11,5.0,9.0,14.0,871.0,2.0,4.0,50.0,2462.0,2460.2045443546604
748,12,1003,Sonoma,2020-05-12,6.0,22.0,28.0,871.0,4.0,4.0,49.0,680.0,692.2842837337593
749,13,1089,Sonoma,2020-05-13,5.0,20.0,25.0,871.0,3.0,1.0,53.0,2410.0,2414.104713979877
750,14,1126,Sonoma,2020-05-14,5.0,23.0,28.0,871.0,3.0,3.0,51.0,2968.0,2565.797991629382
751,15,1174,Sonoma,2020-05-15,5.0,34.0,39.0,871.0,3.0,1.0,51.0,719.0,653.8406450932673
752,16,1335,Sonoma,2020-05-18,3.0,20.0,23.0,871.0,2.0,2.0,53.0,1874.0,1765.113668553423
753,17,1362,Sonoma,2020-05-19,4.0,24.0,28.0,871.0,2.0,2.0,54.0,592.0,637.4219834149873
754,18,1419,Sonoma,2020-05-20,2.0,34.0,36.0,871.0,2.0,2.0,52.0,1129.0,1254.730158378792
755,19,1469,Sonoma,2020-05-21,4.0,31.0,35.0,871.0,3.0,5.0,49.0,608.0,835.8552864257571
756,20,1524,Sonoma,2020-05-22,5.0,16.0,21.0,871.0,3.0,2.0,47.0,689.0,744.7231143615313
757,21,1541,Sonoma,2020-05-23,5.0,17.0,22.0,871.0,3.0,2.0,49.0,716.0,701.9920559110741
758,22,1602,Sonoma,2020-05-24,6.0,16.0,22.0,871.0,3.0,3.0,50.0,2968.0,2722.942989410923
759,23,1639,Sonoma,2020-05-25,5.0,22.0,27.0,871.0,3.0,6.0,46.0,1464.0,1875.0693146794715
760,24,1713,Sonoma,2020-05-26,5.0,20.0,25.0,871.0,2.0,4.0,59.0,2146.0,2285.8355338117053
761,25,1771,Sonoma,2020-05-27,9.0,22.0,31.0,871.0,3.0,2.0,51.0,578.0,553.6648542595776
762,26,1803,Sonoma,2020-05-28,8.0,30.0,38.0,871.0,2.0,2.0,46.0,2515.0,2452.5829003353647
763,27,1857,Sonoma,2020-05-29,7.0,37.0,44.0,871.0,2.0,6.0,51.0,1628.0,1732.8617404934796
764,28,1887,Sonoma,2020-05-30,5.0,56.0,61.0,871.0,2.0,10.0,46.0,684.0,721.4152616507719
765,29,1962,Sonoma,2020-05-31,5.0,44.0,49.0,871.0,2.0,8.0,48.0,720.0,799.2699522662148
766,30,2003,Sonoma,2020-06-01,5.0,62.0,67.0,871.0,2.0,5.0,50.0,692.0,724.0455786490711
767,31,2065,Sonoma,2020-06-02,3.0,69.0,72.0,871.0,2.0,5.0,52.0,1479.0,1383.3373394824537
768,32,2099,Sonoma,2020-06-03,3.0,76.0,79.0,871.0,2.0,8.0,50.0,721.0,718.1747945167078
769,33,2161,Sonoma,2020-06-04,4.0,54.0,58.0,871.0,2.0,7.0,51.0,1402.0,1347.9639973871156
770,34,2196,Sonoma,2020-06-05,3.0,69.0,72.0,871.0,2.0,8.0,54.0,695.0,771.5353307698095
771,35,2245,Sonoma,2020-06-06,4.0,71.0,75.0,871.0,3.0,8.0,52.0,2145.0,2143.8071414894957
772,36,2311,Sonoma,2020-06-07,5.0,66.0,71.0,871.0,3.0,9.0,49.0,587.0,586.6079642235264
773,37,2335,Sonoma,2020-06-08,5.0,74.0,79.0,871.0,3.0,10.0,47.0,558.0,506.491223001706
774,38,2384,Sonoma,2020-06-09,5.0,70.0,75.0,871.0,3.0,4.0,49.0,2148.0,2168.0788417579774
775,39,2417,Sonoma,2020-06-10,5.0,57.0,62.0,871.0,3.0,4.0,47.0,690.0,700.4781813887803
776,40,2474,Sonoma,2020-06-11,4.0,23.0,27.0,871.0,3.0,1.0,49.0,682.0,629.1703315737576
777,41,2557,Sonoma,2020-06-12,4.0,38.0,42.0,871.0,3.0,3.0,42.0,871.0,925.7489457480767
778,42,2805,Sonoma,2020-06-17,6.0,13.0,19.0,871.0,3.0,2.0,47.0,2486.0,2481.793707925622
779,43,2846,Sonoma,2020-06-18,5.0,11.0,16.0,871.0,3.0,1.0,64.0,2434.0,2461.5289050478614
780,44,2874,Sonoma,2020-06-19,4.0,4.0,8.0,871.0,3.0,1.0,57.0,682.0,650.3137215151946
781,45,3010,Sonoma,2020-06-22,6.0,1.0,7.0,871.0,4.0,1.0,58.0,1804.0,1685.1114832414798
782,46,3080,Sonoma,2020-06-23,9.0,5.0,14.0,871.0,7.0,3.0,56.0,1427.0,1412.8679512688154
783,47,3143,Sonoma,2020-06-24,7.0,1.0,8.0,871.0,4.0,1.0,55.0,750.0,844.9092887983376
784,48,3175,Sonoma,2020-06-25,7.0,4.0,11.0,871.0,4.0,2.0,54.0,712.0,688.0322726708944
785,49,3225,Sonoma,2020-06-26,8.0,4.0,12.0,871.0,4.0,1.0,50.0,1096.0,1033.705842862313
786,50,3261,Sonoma,2020-06-27,10.0,3.0,13.0,871.0,5.0,3.0,49.0,871.0,817.3115244735161
787,51,3340,Sonoma,2020-06-28,11.0,1.0,12.0,871.0,6.0,1.0,48.0,576.0,600.2334116120593
788,52,3377,Sonoma,2020-06-29,11.0,1.0,12.0,871.0,7.0,1.0,50.0,1089.0,1120.721199776166
789,53,3408,Sonoma,2020-06-30,11.0,4.0,15.0,871.0,7.0,1.0,50.0,531.0,518.1810108324539
790,54,3487,Sonoma,2020-07-01,13.0,4.0,17.0,871.0,4.0,1.0,51.0,2517.0,2375.2659985335586
791,55,3527,Sonoma,2020-07-02,12.0,3.0,15.0,871.0,3.0,1.0,50.0,676.0,727.5418460507885
792,56,3568,Sonoma,2020-07-03,15.0,3.0,18.0,862.0,3.0,1.0,48.0,2438.0,2336.5818241632414
793,57,3594,Sonoma,2020-07-04,18.0,8.0,26.0,862.0,5.0,1.0,51.0,590.0,602.3709471897002
794,58,3679,Sonoma,2020-07-05,20.0,10.0,30.0,862.0,6.0,3.0,52.0,575.0,576.3569582724954
795,59,3733,Sonoma,2020-07-06,22.0,11.0,33.0,862.0,8.0,5.0,48.0,1096.0,1085.7102362780056
796,60,3770,Sonoma,2020-07-07,24.0,9.0,33.0,862.0,9.0,2.0,43.0,1762.0,1740.6540589945862
797,61,3811,Sonoma,2020-07-08,24.0,11.0,35.0,862.0,6.0,1.0,50.0,707.0,795.9839694959408
798,62,3929,Sonoma,2020-07-10,28.0,8.0,36.0,862.0,5.0,2.0,53.0,212.0,229.4707704364646
799,63,3947,Sonoma,2020-07-11,25.0,8.0,33.0,862.0,4.0,1.0,55.0,2553.0,2415.4839532282376
800,64,3985,Sonoma,2020-07-12,25.0,9.0,34.0,862.0,5.0,2.0,50.0,586.0,516.003322860824
801,65,4054,Sonoma,2020-07-13,27.0,11.0,38.0,858.0,7.0,3.0,40.0,1911.0,1778.171979702513
802,66,4115,Sonoma,2020-07-14,30.0,11.0,41.0,858.0,9.0,2.0,39.0,2469.0,2354.362552135792
803,67,4143,Sonoma,2020-07-15,33.0,10.0,43.0,858.0,12.0,2.0,41.0,2483.0,2406.0343076825484
804,68,4190,Sonoma,2020-07-16,32.0,14.0,46.0,858.0,14.0,1.0,39.0,2455.0,2525.662275765766
805,69,4246,Sonoma,2020-07-17,38.0,21.0,59.0,858.0,15.0,2.0,32.0,1859.0,1770.1840916312174
806,70,4305,Sonoma,2020-07-18,37.0,13.0,50.0,858.0,13.0,1.0,32.0,2445.0,2422.389370611305
807,71,4373,Sonoma,2020-07-19,36.0,14.0,50.0,858.0,13.0,2.0,32.0,560.0,560.1326852017269
808,72,4385,Sonoma,2020-07-20,41.0,15.0,56.0,858.0,14.0,3.0,31.0,1478.0,1370.9941827935122
809,73,4447,Sonoma,2020-07-21,40.0,18.0,58.0,858.0,9.0,6.0,36.0,397.0,360.79033193887676
810,74,4573,Sonoma,2020-07-23,41.0,24.0,65.0,738.0,9.0,5.0,7.0,707.0,842.2219682305262
811,75,4596,Sonoma,2020-07-24,40.0,16.0,56.0,740.0,9.0,3.0,7.0,746.0,851.2680156906301
812,76,4667,Sonoma,2020-07-25,48.0,18.0,66.0,769.0,10.0,3.0,7.0,2466.0,2445.3929707739094
813,77,4717,Sonoma,2020-07-26,46.0,15.0,61.0,766.0,11.0,2.0,9.0,707.0,807.7678426973682
814,78,4778,Sonoma,2020-07-27,42.0,17.0,59.0,691.0,10.0,2.0,3.0,576.0,793.7319709522807
815,79,4826,Sonoma,2020-07-28,60.0,11.0,71.0,588.0,20.0,2.0,7.0,580.0,525.6283684746769
816,80,4878,Sonoma,2020-07-29,56.0,15.0,71.0,746.0,22.0,3.0,13.0,701.0,771.5091800214215
817,81,4935,Sonoma,2020-07-30,50.0,10.0,60.0,631.0,18.0,1.0,7.0,693.0,612.5106378807257
818,82,5013,Sonoma,2020-07-31,39.0,14.0,53.0,506.0,16.0,1.0,3.0,2968.0,2591.688885343461
819,83,5050,Sonoma,2020-08-01,43.0,13.0,56.0,478.0,16.0,1.0,6.0,2517.0,2385.9681986841756
820,84,5105,Sonoma,2020-08-02,42.0,17.0,59.0,479.0,14.0,2.0,6.0,1412.0,1807.282829090716
821,85,5178,Sonoma,2020-08-03,41.0,17.0,58.0,480.0,13.0,1.0,7.0,1794.0,1787.75381987238
822,86,5250,Sonoma,2020-08-04,42.0,15.0,57.0,485.0,11.0,1.0,10.0,2128.0,2070.504255403808
823,87,5286,Sonoma,2020-08-05,43.0,5.0,48.0,545.0,10.0,1.0,8.0,2968.0,2895.8242948700536
824,88,5335,Sonoma,2020-08-06,37.0,14.0,51.0,515.0,10.0,2.0,6.0,2116.0,2127.886664675307
825,89,5394,Sonoma,2020-08-07,36.0,2.0,38.0,532.0,10.0,1.0,7.0,1518.0,1440.3498771053326
826,90,5428,Sonoma,2020-08-08,36.0,13.0,49.0,547.0,10.0,2.0,7.0,564.0,534.797811390662
827,91,5483,Sonoma,2020-08-09,36.0,8.0,44.0,552.0,10.0,2.0,8.0,1782.0,1667.615261614045
828,92,5556,Sonoma,2020-08-10,35.0,8.0,43.0,493.0,10.0,3.0,3.0,2494.0,2400.717530757617
829,93,5651,Sonoma,2020-08-12,38.0,10.0,48.0,519.0,11.0,2.0,8.0,550.0,551.7851919204045
830,94,5776,Sonoma,2020-08-14,45.0,9.0,54.0,564.0,13.0,2.0,6.0,2496.0,2419.18151215091
831,95,5928,Sonoma,2020-08-16,47.0,8.0,55.0,552.0,13.0,1.0,2.0,682.0,714.1985347611494
832,96,5959,Sonoma,2020-08-17,44.0,8.0,52.0,507.0,12.0,4.0,5.0,2481.0,2396.836993785068
833,97,6010,Sonoma,2020-08-18,43.0,5.0,48.0,514.0,11.0,1.0,5.0,712.0,746.3259117691587
834,98,6057,Sonoma,2020-08-19,40.0,6.0,46.0,526.0,10.0,1.0,7.0,2505.0,2471.1158717026465
835,99,6262,Sonoma,2020-08-22,39.0,10.0,49.0,512.0,10.0,1.0,5.0,558.0,597.4156956916255
836,100,6306,Sonoma,2020-08-23,40.0,9.0,49.0,483.0,6.0,1.0,4.0,583.0,536.7305325715602
837,101,6388,Sonoma,2020-08-25,43.0,6.0,49.0,514.0,11.0,2.0,4.0,1543.0,1390.285012742665
838,102,6436,Sonoma,2020-08-26,39.0,4.0,43.0,533.0,9.0,1.0,5.0,557.0,503.1530978386904
839,103,6590,Sonoma,2020-08-28,38.0,9.0,47.0,556.0,11.0,1.0,8.0,552.0,496.64690791343696
840,104,6631,Sonoma,2020-08-29,34.0,5.0,39.0,532.0,9.0,2.0,9.0,2496.0,2492.192165472913
841,105,6728,Sonoma,2020-08-31,31.0,10.0,41.0,507.0,9.0,2.0,12.0,1921.0,1958.9459168603498
842,106,6817,Sonoma,2020-09-01,29.0,8.0,37.0,498.0,12.0,1.0,9.0,722.0,666.7393875599596
843,107,6844,Sonoma,2020-09-02,31.0,6.0,37.0,513.0,11.0,2.0,8.0,683.0,681.6474987269565
844,108,7077,Sonoma,2020-09-06,37.0,14.0,51.0,501.0,10.0,2.0,5.0,568.0,490.5087713651794
845,109,7129,Sonoma,2020-09-07,38.0,9.0,47.0,506.0,10.0,2.0,5.0,1485.0,1458.5709649747241
846,110,7200,Sonoma,2020-09-08,36.0,6.0,42.0,505.0,11.0,1.0,4.0,563.0,549.5176989431537
847,111,7335,Sonoma,2020-09-11,32.0,3.0,35.0,536.0,9.0,1.0,9.0,673.0,655.952177644388
848,112,7957,Sonoma,2020-09-22,18.0,2.0,20.0,529.0,3.0,1.0,8.0,707.0,826.053331633514
849,113,8147,Sonoma,2020-09-25,18.0,8.0,26.0,592.0,6.0,3.0,5.0,2491.0,2468.1433611815532
850,114,8205,Sonoma,2020-09-26,18.0,7.0,25.0,579.0,8.0,1.0,5.0,707.0,689.0007853684112
851,115,8281,Sonoma,2020-09-27,20.0,4.0,24.0,552.0,7.0,1.0,7.0,2521.0,2491.31401074737
852,116,8293,Sonoma,2020-09-28,20.0,8.0,28.0,581.0,7.0,1.0,4.0,685.0,730.1578466260789
853,117,8352,Sonoma,2020-09-29,17.0,4.0,21.0,557.0,7.0,1.0,6.0,683.0,710.8660601145981
854,118,8531,Sonoma,2020-10-02,21.0,6.0,27.0,530.0,5.0,1.0,6.0,2150.0,2155.713092274933
855,119,8596,Sonoma,2020-10-03,26.0,7.0,33.0,518.0,7.0,1.0,6.0,1857.0,1796.461414554743
856,120,8859,Sonoma,2020-10-08,30.0,8.0,38.0,560.0,5.0,1.0,7.0,871.0,931.513735092263
857,121,8905,Sonoma,2020-10-09,30.0,6.0,36.0,579.0,5.0,2.0,11.0,533.0,503.79604563695375
858,122,8992,Sonoma,2020-10-10,32.0,6.0,38.0,552.0,6.0,1.0,9.0,1890.0,1805.3860190704404
859,123,9086,Sonoma,2020-10-12,23.0,6.0,29.0,539.0,6.0,1.0,7.0,1898.0,1699.5453125612194
860,124,9268,Sonoma,2020-10-15,26.0,4.0,30.0,561.0,7.0,1.0,7.0,2412.0,2392.459441720939
861,125,9302,Sonoma,2020-10-16,25.0,6.0,31.0,563.0,6.0,1.0,5.0,1876.0,1723.1141600240787
862,126,9451,Sonoma,2020-10-18,22.0,9.0,31.0,507.0,5.0,1.0,8.0,573.0,644.7773461151869
863,127,9657,Sonoma,2020-10-22,23.0,3.0,26.0,544.0,5.0,1.0,10.0,858.0,866.5580086958653
864,128,9741,Sonoma,2020-10-24,24.0,4.0,28.0,530.0,4.0,1.0,7.0,2135.0,2166.367488757255
865,129,9798,Sonoma,2020-10-25,26.0,2.0,28.0,533.0,4.0,1.0,9.0,2522.0,2406.763333932351
866,130,9855,Sonoma,2020-10-26,30.0,4.0,34.0,556.0,5.0,2.0,9.0,720.0,753.5778516603486
867,131,9948,Sonoma,2020-10-27,27.0,8.0,35.0,548.0,5.0,1.0,11.0,1101.0,1029.9271119584387
868,132,10000,Sonoma,2020-10-28,28.0,3.0,31.0,549.0,5.0,2.0,10.0,663.0,616.3381531613693
869,133,10057,Sonoma,2020-10-29,28.0,5.0,33.0,542.0,8.0,2.0,8.0,726.0,710.1795286388642
870,134,10319,Sonoma,2020-11-03,22.0,6.0,28.0,586.0,5.0,2.0,10.0,767.0,861.5311874130578
871,135,10397,Sonoma,2020-11-04,25.0,4.0,29.0,556.0,5.0,1.0,7.0,675.0,682.8923343902627
872,136,10724,Sonoma,2020-11-10,21.0,10.0,31.0,562.0,5.0,1.0,5.0,744.0,843.8716336200857
873,137,10881,Sonoma,2020-11-13,20.0,5.0,25.0,576.0,5.0,1.0,4.0,1579.0,1883.9113961528344
874,138,11006,Sonoma,2020-11-15,18.0,2.0,20.0,551.0,6.0,2.0,4.0,2968.0,2825.8328332464675
875,139,11071,Sonoma,2020-11-16,17.0,5.0,22.0,548.0,8.0,1.0,4.0,2434.0,2469.472068119132
876,140,11212,Sonoma,2020-11-19,26.0,5.0,31.0,591.0,8.0,1.0,6.0,579.0,540.7631353032946
877,141,11296,Sonoma,2020-11-20,24.0,7.0,31.0,575.0,6.0,3.0,5.0,1499.0,1420.3429813950354
878,142,11368,Sonoma,2020-11-22,25.0,6.0,31.0,563.0,6.0,1.0,6.0,871.0,988.7467704498465
879,143,11857,Sonoma,2020-11-30,35.0,9.0,44.0,544.0,5.0,3.0,5.0,1909.0,1898.1351845358292
880,144,11889,Sonoma,2020-12-01,38.0,5.0,43.0,585.0,5.0,2.0,4.0,1856.0,1780.8959918811495
881,145,11987,Sonoma,2020-12-03,37.0,5.0,42.0,613.0,6.0,1.0,7.0,683.0,719.8939490091856
882,146,12069,Sonoma,2020-12-04,41.0,3.0,44.0,595.0,7.0,1.0,6.0,2329.0,2396.738655143373
883,147,12132,Sonoma,2020-12-05,41.0,8.0,49.0,563.0,8.0,1.0,8.0,682.0,607.5431420658372
884,148,12176,Sonoma,2020-12-06,48.0,9.0,57.0,531.0,11.0,4.0,12.0,677.0,657.5567226989505
885,149,12255,Sonoma,2020-12-07,47.0,3.0,50.0,564.0,13.0,1.0,11.0,387.0,341.11640339810765
886,150,12264,Sonoma,2020-12-08,51.0,9.0,60.0,580.0,9.0,2.0,10.0,707.0,815.0836165144834
887,151,12363,Sonoma,2020-12-09,60.0,5.0,65.0,605.0,10.0,1.0,10.0,699.0,641.8367128523282
888,152,12372,Sonoma,2020-12-10,68.0,9.0,77.0,599.0,9.0,2.0,9.0,2137.0,2123.8913843796217
889,153,12479,Sonoma,2020-12-11,70.0,5.0,75.0,576.0,10.0,2.0,17.0,553.0,519.8848228817601
890,154,12484,Sonoma,2020-12-12,65.0,6.0,71.0,584.0,10.0,1.0,20.0,1868.0,1746.582321116925
891,155,12555,Sonoma,2020-12-13,70.0,10.0,80.0,572.0,11.0,3.0,21.0,563.0,554.2432288365216
892,156,12637,Sonoma,2020-12-14,76.0,4.0,80.0,545.0,13.0,1.0,20.0,2110.0,2095.1100548676877
893,157,12679,Sonoma,2020-12-15,66.0,3.0,69.0,549.0,11.0,1.0,23.0,862.0,948.8738212969304
894,158,12804,Sonoma,2020-12-17,70.0,3.0,73.0,598.0,14.0,1.0,20.0,2158.0,2199.6835652876753
895,159,13376,Sonoma,2020-12-27,74.0,3.0,77.0,570.0,20.0,1.0,23.0,2465.0,2412.462854240225
896,160,13460,Sonoma,2020-12-29,81.0,3.0,84.0,607.0,23.0,1.0,20.0,2126.0,2167.348486497067
897,161,13917,Sonoma,2021-01-06,105.0,3.0,108.0,671.0,19.0,2.0,24.0,871.0,883.8347670927267
898,162,13944,Sonoma,2021-01-07,110.0,4.0,114.0,651.0,21.0,2.0,18.0,707.0,819.6981978554778
899,163,14073,Sonoma,2021-01-09,98.0,7.0,105.0,646.0,12.0,1.0,10.0,2476.0,2391.013361647814
900,164,14127,Sonoma,2021-01-10,97.0,11.0,108.0,644.0,13.0,2.0,10.0,2509.0,2428.8331598794093
901,165,14188,Sonoma,2021-01-11,97.0,9.0,106.0,638.0,17.0,3.0,5.0,387.0,372.160528543847
902,166,14268,Sonoma,2021-01-12,102.0,8.0,110.0,666.0,17.0,3.0,9.0,2510.0,2471.8883165699744
903,167,14503,Sonoma,2021-01-17,101.0,6.0,107.0,662.0,17.0,1.0,15.0,1451.0,1397.119135654677
904,168,14629,Sonoma,2021-01-19,99.0,4.0,103.0,648.0,19.0,1.0,18.0,601.0,565.8607132741511
905,169,14772,Sonoma,2021-01-21,95.0,5.0,100.0,645.0,21.0,1.0,18.0,2507.0,2352.730929145791
906,170,14959,Sonoma,2021-01-25,96.0,4.0,100.0,654.0,26.0,1.0,15.0,2379.0,2387.8072943108714
907,171,16054,Sonoma,2021-02-13,47.0,1.0,48.0,633.0,17.0,1.0,24.0,2619.0,2498.4096127264097
908,172,16938,Sonoma,2021-03-01,30.0,2.0,32.0,642.0,13.0,1.0,14.0,2150.0,2186.285939336404
909,173,16999,Sonoma,2021-03-02,22.0,2.0,24.0,664.0,10.0,1.0,13.0,2416.0,2395.6867937325806
910,174,17022,Sonoma,2021-03-03,18.0,5.0,23.0,660.0,8.0,1.0,15.0,564.0,561.660388250252
911,175,17295,Sonoma,2021-03-07,20.0,1.0,21.0,637.0,8.0,1.0,16.0,789.0,873.5956881076338
912,176,19556,Sonoma,2021-04-17,16.0,2.0,18.0,664.0,4.0,1.0,19.0,696.0,772.981299068824
913,177,20594,Sonoma,2021-05-05,7.0,4.0,11.0,683.0,4.0,1.0,21.0,2503.0,2539.318454853787
914,178,20825,Sonoma,2021-05-09,11.0,4.0,15.0,619.0,1.0,1.0,33.0,583.0,603.846781394726
915,179,20875,Sonoma,2021-05-10,8.0,2.0,10.0,601.0,1.0,1.0,31.0,2467.0,2420.4208618481807
916,180,21260,Sonoma,2021-05-17,6.0,2.0,8.0,659.0,2.0,1.0,21.0,578.0,509.42898906620644
917,181,21686,Sonoma,2021-05-25,7.0,5.0,12.0,666.0,2.0,1.0,24.0,2487.0,2472.653777595574
918,182,22477,Sonoma,2021-06-08,9.0,3.0,12.0,625.0,1.0,1.0,22.0,682.0,763.5710066260394
919,183,23194,Sonoma,2021-06-21,16.0,1.0,17.0,678.0,3.0,1.0,24.0,607.0,617.1745179946457
920,184,23303,Sonoma,2021-06-23,13.0,3.0,16.0,688.0,4.0,1.0,20.0,686.0,649.1635130616608
921,185,24631,Sonoma,2021-07-16,37.0,2.0,39.0,669.0,8.0,1.0,14.0,2458.0,2333.2832236598374
922,186,26569,Sonoma,2021-08-20,78.0,4.0,82.0,638.0,15.0,1.0,17.0,1579.0,1886.7617620703527
923,187,26605,Sonoma,2021-08-21,77.0,4.0,81.0,632.0,14.0,1.0,17.0,570.0,477.099096497122
924,188,26854,Sonoma,2021-08-25,69.0,1.0,70.0,668.0,18.0,1.0,15.0,614.0,638.2709291144832
925,189,28822,Sonoma,2021-09-29,34.0,1.0,35.0,656.0,17.0,1.0,12.0,2499.0,2443.600624635907
926,190,29691,Sonoma,2021-10-15,21.0,4.0,25.0,624.0,11.0,1.0,8.0,1448.0,1404.3293847970097
927,0,2,Alameda,2020-04-21,85.0,59.0,144.0,591.0,41.0,9.0,66.0,701.0,747.8901911959315
928,1,64,Alameda,2020-04-22,84.0,61.0,145.0,1141.0,38.0,17.0,46.0,707.0,654.449129219229
929,2,114,Alameda,2020-04-23,81.0,90.0,171.0,1129.0,37.0,24.0,95.0,664.0,647.0348887903393
930,3,170,Alameda,2020-04-24,79.0,63.0,142.0,1127.0,39.0,10.0,110.0,656.0,636.9193911696923
931,4,193,Alameda,2020-04-25,83.0,53.0,136.0,1748.0,39.0,6.0,197.0,871.0,859.0175045777216
932,5,254,Alameda,2020-04-26,84.0,43.0,127.0,1748.0,42.0,5.0,191.0,2362.0,2311.911153932043
933,6,289,Alameda,2020-04-27,81.0,47.0,128.0,1748.0,39.0,8.0,183.0,1896.0,1796.2101699881257
934,7,330,Alameda,2020-04-28,76.0,64.0,140.0,1748.0,37.0,13.0,148.0,729.0,745.0741693816819
935,8,380,Alameda,2020-04-29,76.0,63.0,139.0,1746.0,33.0,13.0,168.0,581.0,532.8592718614245
936,9,461,Alameda,2020-04-30,74.0,52.0,126.0,1746.0,34.0,12.0,165.0,1851.0,1736.313357478685
937,10,489,Alameda,2020-05-01,75.0,60.0,135.0,1746.0,32.0,13.0,165.0,2465.0,2570.421326787394
938,11,533,Alameda,2020-05-02,73.0,59.0,132.0,1746.0,31.0,7.0,163.0,566.0,603.7916571048488
939,12,569,Alameda,2020-05-03,73.0,62.0,135.0,1746.0,33.0,15.0,164.0,589.0,657.7454959845973
940,13,617,Alameda,2020-05-04,73.0,62.0,135.0,1769.0,31.0,15.0,163.0,2172.0,2204.011044252623
941,14,689,Alameda,2020-05-05,76.0,71.0,147.0,2446.0,28.0,14.0,143.0,708.0,620.6267430971959
942,15,729,Alameda,2020-05-06,78.0,58.0,136.0,2407.0,34.0,9.0,171.0,1579.0,1961.7584378274041
943,16,781,Alameda,2020-05-07,75.0,61.0,136.0,2446.0,34.0,9.0,131.0,584.0,573.6623846820082
944,17,835,Alameda,2020-05-08,80.0,56.0,136.0,2446.0,38.0,8.0,126.0,213.0,238.46944580812556
945,18,860,Alameda,2020-05-09,81.0,58.0,139.0,2446.0,40.0,11.0,122.0,862.0,925.6313091673791
946,19,932,Alameda,2020-05-10,77.0,46.0,123.0,2446.0,40.0,4.0,125.0,1852.0,1779.9603038737375
947,20,959,Alameda,2020-05-11,78.0,53.0,131.0,2446.0,36.0,13.0,125.0,595.0,634.1466999496686
948,21,997,Alameda,2020-05-12,79.0,51.0,130.0,2446.0,34.0,12.0,116.0,707.0,839.2824009910532
949,22,1076,Alameda,2020-05-13,81.0,59.0,140.0,2446.0,37.0,12.0,117.0,1861.0,1860.5629088739863
950,23,1106,Alameda,2020-05-14,82.0,56.0,138.0,2446.0,37.0,13.0,118.0,1485.0,1845.4594935977607
951,24,1165,Alameda,2020-05-15,76.0,72.0,148.0,2446.0,38.0,19.0,117.0,1806.0,1819.42205647492
952,25,1219,Alameda,2020-05-16,81.0,64.0,145.0,2446.0,40.0,10.0,114.0,1509.0,1403.8242415330133
953,26,1277,Alameda,2020-05-17,74.0,72.0,146.0,2446.0,38.0,15.0,125.0,2486.0,2481.532563282066
954,27,1291,Alameda,2020-05-18,87.0,51.0,138.0,2968.0,42.0,10.0,120.0,1467.0,1362.8877256052876
955,28,1344,Alameda,2020-05-19,83.0,108.0,191.0,2968.0,40.0,16.0,122.0,608.0,625.2183117970837
956,29,1420,Alameda,2020-05-20,81.0,134.0,215.0,2968.0,39.0,24.0,112.0,686.0,688.1647650564923
957,30,1457,Alameda,2020-05-21,77.0,162.0,239.0,2968.0,39.0,23.0,114.0,560.0,535.5276658000303
958,31,1512,Alameda,2020-05-22,79.0,81.0,160.0,2968.0,38.0,17.0,119.0,670.0,731.151664798218
959,32,1536,Alameda,2020-05-23,80.0,78.0,158.0,2968.0,41.0,19.0,110.0,1412.0,1803.2001682608566
960,33,1616,Alameda,2020-05-24,88.0,61.0,149.0,2968.0,44.0,11.0,119.0,713.0,667.9612618541779
961,34,1645,Alameda,2020-05-25,91.0,65.0,156.0,2968.0,40.0,20.0,115.0,2484.0,2418.756708082702
962,35,1701,Alameda,2020-05-26,93.0,76.0,169.0,2968.0,37.0,20.0,124.0,691.0,729.1007125180304
963,36,1739,Alameda,2020-05-27,95.0,69.0,164.0,2968.0,37.0,10.0,128.0,2647.0,2794.4643031542973
964,37,1820,Alameda,2020-05-28,96.0,57.0,153.0,2968.0,44.0,13.0,106.0,585.0,511.5377393898225
965,38,1874,Alameda,2020-05-29,102.0,77.0,179.0,2968.0,42.0,12.0,118.0,2527.0,2528.8109924000482
966,39,1917,Alameda,2020-05-30,105.0,41.0,146.0,2968.0,38.0,12.0,126.0,505.0,468.51746919527295
967,40,1965,Alameda,2020-05-31,99.0,33.0,132.0,2968.0,37.0,8.0,131.0,708.0,718.2093456322775
968,41,1976,Alameda,2020-06-01,97.0,51.0,148.0,2968.0,37.0,9.0,134.0,2459.0,2367.4159316105583
969,42,2033,Alameda,2020-06-02,92.0,68.0,160.0,2968.0,33.0,5.0,131.0,1951.0,1797.6561033302712
970,43,2091,Alameda,2020-06-03,89.0,80.0,169.0,2968.0,32.0,6.0,144.0,703.0,662.2253890388938
971,44,2170,Alameda,2020-06-04,82.0,92.0,174.0,2968.0,32.0,9.0,157.0,561.0,559.026620691187
972,45,2203,Alameda,2020-06-05,82.0,68.0,150.0,2968.0,30.0,10.0,154.0,746.0,879.2469562339635
973,46,2222,Alameda,2020-06-06,83.0,72.0,155.0,2968.0,30.0,11.0,156.0,583.0,641.1781456306616
974,47,2280,Alameda,2020-06-07,92.0,74.0,166.0,2968.0,29.0,11.0,152.0,2490.0,2485.710536976155
975,48,2331,Alameda,2020-06-08,92.0,60.0,152.0,2968.0,31.0,12.0,144.0,2647.0,2684.647536163341
976,49,2392,Alameda,2020-06-09,94.0,52.0,146.0,2968.0,32.0,9.0,137.0,1628.0,1642.9226293399745
977,50,2463,Alameda,2020-06-10,88.0,46.0,134.0,2968.0,32.0,11.0,147.0,1031.0,1108.082673956957
978,51,2471,Alameda,2020-06-11,86.0,38.0,124.0,2968.0,32.0,7.0,145.0,675.0,668.3124497218045
979,52,2553,Alameda,2020-06-12,84.0,42.0,126.0,2968.0,35.0,6.0,120.0,2493.0,2453.9238611552123
980,53,2573,Alameda,2020-06-13,87.0,27.0,114.0,2968.0,33.0,3.0,150.0,2118.0,2079.8453942090932
981,54,2654,Alameda,2020-06-14,88.0,36.0,124.0,2968.0,33.0,9.0,149.0,515.0,469.2095846055354
982,55,2671,Alameda,2020-06-15,98.0,31.0,129.0,2968.0,37.0,9.0,148.0,2968.0,3031.9206203282483
983,56,2732,Alameda,2020-06-16,95.0,38.0,133.0,2968.0,36.0,12.0,142.0,695.0,715.1694180646316
984,57,2797,Alameda,2020-06-17,90.0,47.0,137.0,2968.0,36.0,13.0,135.0,1868.0,1744.0380156043238
985,58,2809,Alameda,2020-06-18,77.0,53.0,130.0,2968.0,38.0,16.0,195.0,544.0,516.2179068873716
986,59,2872,Alameda,2020-06-19,80.0,57.0,137.0,2968.0,36.0,20.0,192.0,2151.0,2125.573155619877
987,60,2927,Alameda,2020-06-20,77.0,44.0,121.0,2968.0,33.0,12.0,203.0,2523.0,2491.694304398426
988,61,2967,Alameda,2020-06-21,76.0,43.0,119.0,2968.0,30.0,12.0,203.0,2396.0,2316.6189768169374
989,62,3050,Alameda,2020-06-22,78.0,34.0,112.0,2968.0,30.0,8.0,196.0,707.0,818.4995512905878
990,63,3099,Alameda,2020-06-23,86.0,42.0,128.0,2968.0,33.0,11.0,196.0,2968.0,2958.1569096814305
991,64,3138,Alameda,2020-06-24,89.0,41.0,130.0,2968.0,31.0,9.0,147.0,2505.0,2452.08484419451
992,65,3183,Alameda,2020-06-25,91.0,49.0,140.0,2968.0,34.0,10.0,147.0,707.0,809.6438000917298
993,66,3242,Alameda,2020-06-26,92.0,41.0,133.0,2968.0,35.0,9.0,123.0,2466.0,2522.114493799725
994,67,3269,Alameda,2020-06-27,99.0,40.0,139.0,2968.0,36.0,11.0,115.0,1427.0,1401.4934281049304
995,68,3335,Alameda,2020-06-28,102.0,39.0,141.0,2968.0,35.0,10.0,124.0,602.0,607.6444859839451
996,69,3395,Alameda,2020-06-29,111.0,35.0,146.0,2968.0,38.0,6.0,138.0,1628.0,1735.0354290209875
997,70,3396,Alameda,2020-06-30,116.0,41.0,157.0,2968.0,43.0,6.0,143.0,2470.0,2379.427949068816
998,71,3469,Alameda,2020-07-01,123.0,47.0,170.0,2968.0,43.0,12.0,141.0,2165.0,2171.0425066036473
999,72,3506,Alameda,2020-07-02,141.0,52.0,193.0,2968.0,45.0,10.0,129.0,2509.0,2509.5604853940977
